"part_id","part_number","ac_type","material_type","material_desc","teknisyen_agzi","notes","part_created_at","cover_image_url","image_id","image_url","source_name","position"
"53","0447LS13-087-02","Ortak","Sarf",,,,"2026-10-04T14:21:09.43938+00:00","https://rkjnyexhnkiigvwnqvtx.supabase.co/storage/v1/object/public/part-images/1791123668785_gdc2txd.jpg","51","https://rkjnyexhnkiigvwnqvtx.supabase.co/storage/v1/object/public/part-images/1791123668785_gdc2txd.jpg","0447LS13-087-02.jpg","0"
"53","0447LS13-087-02","Ortak","Sarf",,,,"2026-10-04T14:21:09.43938+00:00","https://rkjnyexhnkiigvwnqvtx.supabase.co/storage/v1/object/public/part-images/1791123668785_gdc2txd.jpg","52","https://rkjnyexhnkiigvwnqvtx.supabase.co/storage/v1/object/public/part-images/1791123668821_60wetop.jpg","0447LS13-087-02 (1).jpg","1"
"53","0447LS13-087-02","Ortak","Sarf",,,,"2026-10-04T14:21:09.43938+00:00","https://rkjnyexhnkiigvwnqvtx.supabase.co/storage/v1/object/public/part-images/1791123668785_gdc2txd.jpg","53","https://rkjnyexhnkiigvwnqvtx.supabase.co/storage/v1/object/public/part-images/1791123668827_npgnx9h.jpg","0447LS13-087-02 (2).jpg","2"
"53","0447LS13-087-02","Ortak","Sarf",,,,"2026-10-04T14:21:09.43938+00:00","https://rkjnyexhnkiigvwnqvtx.supabase.co/storage/v1/object/public/part-images/1791123668785_gdc2txd.jpg","54","https://rkjnyexhnkiigvwnqvtx.supabase.co/storage/v1/object/public/part-images/1791123669688_d6beq6f.jpg","0447LS13-087-02 (3).jpg","3"
"54","9855041-502","Ortak","Sarf",,,,"2026-10-04T14:21:09.43938+00:00","https://rkjnyexhnkiigvwnqvtx.supabase.co/storage/v1/object/public/part-images/1791123669730_qqmnh0v.jpg","55","https://rkjnyexhnkiigvwnqvtx.supabase.co/storage/v1/object/public/part-images/1791123669730_qqmnh0v.jpg","9855041-502.jpg","0"
"54","9855041-502","Ortak","Sarf",,,,"2026-10-04T14:21:09.43938+00:00","https://rkjnyexhnkiigvwnqvtx.supabase.co/storage/v1/object/public/part-images/1791123669730_qqmnh0v.jpg","56","https://rkjnyexhnkiigvwnqvtx.supabase.co/storage/v1/object/public/part-images/1791123669840_c5naluh.jpg","9855041-502 (1).jpg","1"
"54","9855041-502","Ortak","Sarf",,,,"2026-10-04T14:21:09.43938+00:00","https://rkjnyexhnkiigvwnqvtx.supabase.co/storage/v1/object/public/part-images/1791123669730_qqmnh0v.jpg","57","https://rkjnyexhnkiigvwnqvtx.supabase.co/storage/v1/object/public/part-images/1791123670405_afqsuz7.jpg","9855041-502 (2).jpg","2"
"55","A2528124052200","Ortak","Sarf",,,,"2026-10-04T14:21:09.43938+00:00","https://rkjnyexhnkiigvwnqvtx.supabase.co/storage/v1/object/public/part-images/1791123670419_dzhkmsi.jpg","58","https://rkjnyexhnkiigvwnqvtx.supabase.co/storage/v1/object/public/part-images/1791123670419_dzhkmsi.jpg","A2528124052200.jpg","0"
"55","A2528124052200","Ortak","Sarf",,,,"2026-10-04T14:21:09.43938+00:00","https://rkjnyexhnkiigvwnqvtx.supabase.co/storage/v1/object/public/part-images/1791123670419_dzhkmsi.jpg","59","https://rkjnyexhnkiigvwnqvtx.supabase.co/storage/v1/object/public/part-images/1791123670554_7s456pp.jpg","A2528124052200 (1).jpg","1"
"56","A8 254 00254-214","Ortak","Sarf",,,,"2026-10-04T14:21:09.43938+00:00","https://rkjnyexhnkiigvwnqvtx.supabase.co/storage/v1/object/public/part-images/1791123671272_od71rc0.jpg","60","https://rkjnyexhnkiigvwnqvtx.supabase.co/storage/v1/object/public/part-images/1791123671272_od71rc0.jpg","A8 254 00254-214.jpg","0"
"56","A8 254 00254-214","Ortak","Sarf",,,,"2026-10-04T14:21:09.43938+00:00","https://rkjnyexhnkiigvwnqvtx.supabase.co/storage/v1/object/public/part-images/1791123671272_od71rc0.jpg","61","https://rkjnyexhnkiigvwnqvtx.supabase.co/storage/v1/object/public/part-images/1791123671285_r9fm070.jpg","A8 254 00254-214 (1).jpg","1"
"57","A8 254 00254-234","Ortak","Sarf",,,,"2026-10-04T14:21:09.43938+00:00","https://rkjnyexhnkiigvwnqvtx.supabase.co/storage/v1/object/public/part-images/1791123671318_w483fpc.jpg","62","https://rkjnyexhnkiigvwnqvtx.supabase.co/storage/v1/object/public/part-images/1791123671318_w483fpc.jpg","A8 254 00254-234.jpg","0"
"57","A8 254 00254-234","Ortak","Sarf",,,,"2026-10-04T14:21:09.43938+00:00","https://rkjnyexhnkiigvwnqvtx.supabase.co/storage/v1/object/public/part-images/1791123671318_w483fpc.jpg","63","https://rkjnyexhnkiigvwnqvtx.supabase.co/storage/v1/object/public/part-images/1791123672120_7qxcp8g.jpg","A8 254 00254-234 (1).jpg","1"
"58","A8-254-1034-115","Ortak","Sarf",,,,"2026-10-04T14:21:09.43938+00:00","https://rkjnyexhnkiigvwnqvtx.supabase.co/storage/v1/object/public/part-images/1791123672284_2fmud2g.jpg","64","https://rkjnyexhnkiigvwnqvtx.supabase.co/storage/v1/object/public/part-images/1791123672305_s3occfs.jpg","A8-254-1034-115 (1).jpg","1"
"58","A8-254-1034-115","Ortak","Sarf",,,,"2026-10-04T14:21:09.43938+00:00","https://rkjnyexhnkiigvwnqvtx.supabase.co/storage/v1/object/public/part-images/1791123672284_2fmud2g.jpg","65","https://rkjnyexhnkiigvwnqvtx.supabase.co/storage/v1/object/public/part-images/1791123672284_2fmud2g.jpg","A8-254-1034-115.jpg","0"
"58","A8-254-1034-115","Ortak","Sarf",,,,"2026-10-04T14:21:09.43938+00:00","https://rkjnyexhnkiigvwnqvtx.supabase.co/storage/v1/object/public/part-images/1791123672284_2fmud2g.jpg","66","https://rkjnyexhnkiigvwnqvtx.supabase.co/storage/v1/object/public/part-images/1791123672818_w291x07.jpg","A8-254-1034-115 (2).jpg","2"
"58","A8-254-1034-115","Ortak","Sarf",,,,"2026-10-04T14:21:09.43938+00:00","https://rkjnyexhnkiigvwnqvtx.supabase.co/storage/v1/object/public/part-images/1791123672284_2fmud2g.jpg","67","https://rkjnyexhnkiigvwnqvtx.supabase.co/storage/v1/object/public/part-images/1791123672970_d0imbsw.jpg","A8-254-1034-115 (3).jpg","3"
"58","A8-254-1034-115","Ortak","Sarf",,,,"2026-10-04T14:21:09.43938+00:00","https://rkjnyexhnkiigvwnqvtx.supabase.co/storage/v1/object/public/part-images/1791123672284_2fmud2g.jpg","68","https://rkjnyexhnkiigvwnqvtx.supabase.co/storage/v1/object/public/part-images/1791123673117_m6dj42q.jpg","A8-254-1034-115 (4).jpg","4"
"59","ABS5728AA11-1","Ortak","Sarf",,,,"2026-10-04T14:21:09.43938+00:00","https://rkjnyexhnkiigvwnqvtx.supabase.co/storage/v1/object/public/part-images/1791123673414_l8oeqy7.jpg","69","https://rkjnyexhnkiigvwnqvtx.supabase.co/storage/v1/object/public/part-images/1791123673414_l8oeqy7.jpg","ABS5728AA11-1.jpg","0"
"59","ABS5728AA11-1","Ortak","Sarf",,,,"2026-10-04T14:21:09.43938+00:00","https://rkjnyexhnkiigvwnqvtx.supabase.co/storage/v1/object/public/part-images/1791123673414_l8oeqy7.jpg","70","https://rkjnyexhnkiigvwnqvtx.supabase.co/storage/v1/object/public/part-images/1791123673584_gwcxsq0.jpg","ABS5728AA11-1 (1).jpg","1"
"59","ABS5728AA11-1","Ortak","Sarf",,,,"2026-10-04T14:21:09.43938+00:00","https://rkjnyexhnkiigvwnqvtx.supabase.co/storage/v1/object/public/part-images/1791123673414_l8oeqy7.jpg","71","https://rkjnyexhnkiigvwnqvtx.supabase.co/storage/v1/object/public/part-images/1791123673709_tzoshan.jpg","ABS5728AA11-1 (2).jpg","2"
"59","ABS5728AA11-1","Ortak","Sarf",,,,"2026-10-04T14:21:09.43938+00:00","https://rkjnyexhnkiigvwnqvtx.supabase.co/storage/v1/object/public/part-images/1791123673414_l8oeqy7.jpg","72","https://rkjnyexhnkiigvwnqvtx.supabase.co/storage/v1/object/public/part-images/1791123674061_2fzq871.jpg","ABS5728AA11-1 (3).jpg","3"
"59","ABS5728AA11-1","Ortak","Sarf",,,,"2026-10-04T14:21:09.43938+00:00","https://rkjnyexhnkiigvwnqvtx.supabase.co/storage/v1/object/public/part-images/1791123673414_l8oeqy7.jpg","73","https://rkjnyexhnkiigvwnqvtx.supabase.co/storage/v1/object/public/part-images/1791123674230_56aujfj.jpg","ABS5728AA11-1 (4).jpg","4"
"59","ABS5728AA11-1","Ortak","Sarf",,,,"2026-10-04T14:21:09.43938+00:00","https://rkjnyexhnkiigvwnqvtx.supabase.co/storage/v1/object/public/part-images/1791123673414_l8oeqy7.jpg","74","https://rkjnyexhnkiigvwnqvtx.supabase.co/storage/v1/object/public/part-images/1791123674383_1ky5zbd.jpg","ABS5728AA11-1 (5).jpg","5"
"59","ABS5728AA11-1","Ortak","Sarf",,,,"2026-10-04T14:21:09.43938+00:00","https://rkjnyexhnkiigvwnqvtx.supabase.co/storage/v1/object/public/part-images/1791123673414_l8oeqy7.jpg","75","https://rkjnyexhnkiigvwnqvtx.supabase.co/storage/v1/object/public/part-images/1791123674855_v3laaex.jpg","ABS5728AA11-1 (6).jpg","6"
"59","ABS5728AA11-1","Ortak","Sarf",,,,"2026-10-04T14:21:09.43938+00:00","https://rkjnyexhnkiigvwnqvtx.supabase.co/storage/v1/object/public/part-images/1791123673414_l8oeqy7.jpg","76","https://rkjnyexhnkiigvwnqvtx.supabase.co/storage/v1/object/public/part-images/1791123676170_idlg9cd.jpg","ABS5728AA11-1 (7).jpg","7"
"59","ABS5728AA11-1","Ortak","Sarf",,,,"2026-10-04T14:21:09.43938+00:00","https://rkjnyexhnkiigvwnqvtx.supabase.co/storage/v1/object/public/part-images/1791123673414_l8oeqy7.jpg","77","https://rkjnyexhnkiigvwnqvtx.supabase.co/storage/v1/object/public/part-images/1791123676540_vlk5qtg.jpg","ABS5728AA11-1 (8).jpg","8"
"59","ABS5728AA11-1","Ortak","Sarf",,,,"2026-10-04T14:21:09.43938+00:00","https://rkjnyexhnkiigvwnqvtx.supabase.co/storage/v1/object/public/part-images/1791123673414_l8oeqy7.jpg","78","https://rkjnyexhnkiigvwnqvtx.supabase.co/storage/v1/object/public/part-images/1791123676792_6rtgzsn.jpg","ABS5728AA11-1 (9).jpg","9"
"59","ABS5728AA11-1","Ortak","Sarf",,,,"2026-10-04T14:21:09.43938+00:00","https://rkjnyexhnkiigvwnqvtx.supabase.co/storage/v1/object/public/part-images/1791123673414_l8oeqy7.jpg","79","https://rkjnyexhnkiigvwnqvtx.supabase.co/storage/v1/object/public/part-images/1791123677110_89914y2.jpg","ABS5728AA11-1 (10).jpg","10"
"59","ABS5728AA11-1","Ortak","Sarf",,,,"2026-10-04T14:21:09.43938+00:00","https://rkjnyexhnkiigvwnqvtx.supabase.co/storage/v1/object/public/part-images/1791123673414_l8oeqy7.jpg","80","https://rkjnyexhnkiigvwnqvtx.supabase.co/storage/v1/object/public/part-images/1791123677464_3b6wq0c.jpg","ABS5728AA11-1 (11).jpg","11"
"59","ABS5728AA11-1","Ortak","Sarf",,,,"2026-10-04T14:21:09.43938+00:00","https://rkjnyexhnkiigvwnqvtx.supabase.co/storage/v1/object/public/part-images/1791123673414_l8oeqy7.jpg","81","https://rkjnyexhnkiigvwnqvtx.supabase.co/storage/v1/object/public/part-images/1791123677798_jrv4p6m.jpg","ABS5728AA11-1 (12).jpg","12"
"59","ABS5728AA11-1","Ortak","Sarf",,,,"2026-10-04T14:21:09.43938+00:00","https://rkjnyexhnkiigvwnqvtx.supabase.co/storage/v1/object/public/part-images/1791123673414_l8oeqy7.jpg","82","https://rkjnyexhnkiigvwnqvtx.supabase.co/storage/v1/object/public/part-images/1791123677850_xsq1slc.jpg","ABS5728AA11-1 (13).jpg","13"
"59","ABS5728AA11-1","Ortak","Sarf",,,,"2026-10-04T14:21:09.43938+00:00","https://rkjnyexhnkiigvwnqvtx.supabase.co/storage/v1/object/public/part-images/1791123673414_l8oeqy7.jpg","83","https://rkjnyexhnkiigvwnqvtx.supabase.co/storage/v1/object/public/part-images/1791123678238_noset24.jpg","ABS5728AA11-1 (14).jpg","14"
"59","ABS5728AA11-1","Ortak","Sarf",,,,"2026-10-04T14:21:09.43938+00:00","https://rkjnyexhnkiigvwnqvtx.supabase.co/storage/v1/object/public/part-images/1791123673414_l8oeqy7.jpg","84","https://rkjnyexhnkiigvwnqvtx.supabase.co/storage/v1/object/public/part-images/1791123678525_chupqgx.jpg","ABS5728AA11-1 (15).jpg","15"
"59","ABS5728AA11-1","Ortak","Sarf",,,,"2026-10-04T14:21:09.43938+00:00","https://rkjnyexhnkiigvwnqvtx.supabase.co/storage/v1/object/public/part-images/1791123673414_l8oeqy7.jpg","85","https://rkjnyexhnkiigvwnqvtx.supabase.co/storage/v1/object/public/part-images/1791123678714_vv6zfic.jpg","ABS5728AA11-1 (16).jpg","16"
"59","ABS5728AA11-1","Ortak","Sarf",,,,"2026-10-04T14:21:09.43938+00:00","https://rkjnyexhnkiigvwnqvtx.supabase.co/storage/v1/object/public/part-images/1791123673414_l8oeqy7.jpg","86","https://rkjnyexhnkiigvwnqvtx.supabase.co/storage/v1/object/public/part-images/1791123679242_fk53rnt.jpg","ABS5728AA11-1 (18).jpg","18"
"59","ABS5728AA11-1","Ortak","Sarf",,,,"2026-10-04T14:21:09.43938+00:00","https://rkjnyexhnkiigvwnqvtx.supabase.co/storage/v1/object/public/part-images/1791123673414_l8oeqy7.jpg","87","https://rkjnyexhnkiigvwnqvtx.supabase.co/storage/v1/object/public/part-images/1791123679253_9tplnjs.jpg","ABS5728AA11-1 (17).jpg","17"
"59","ABS5728AA11-1","Ortak","Sarf",,,,"2026-10-04T14:21:09.43938+00:00","https://rkjnyexhnkiigvwnqvtx.supabase.co/storage/v1/object/public/part-images/1791123673414_l8oeqy7.jpg","88","https://rkjnyexhnkiigvwnqvtx.supabase.co/storage/v1/object/public/part-images/1791123679440_vb7f5qk.jpg","ABS5728AA11-1 (19).jpg","19"
"60","BONDERITE C-AK 4181-L","Ortak","Sarf",,,,"2026-10-04T14:21:09.43938+00:00","https://rkjnyexhnkiigvwnqvtx.supabase.co/storage/v1/object/public/part-images/1791123680205_pyraydm.jpg","89","https://rkjnyexhnkiigvwnqvtx.supabase.co/storage/v1/object/public/part-images/1791123680205_pyraydm.jpg","BONDERITE C-AK 4181-L.jpg","0"
"60","BONDERITE C-AK 4181-L","Ortak","Sarf",,,,"2026-10-04T14:21:09.43938+00:00","https://rkjnyexhnkiigvwnqvtx.supabase.co/storage/v1/object/public/part-images/1791123680205_pyraydm.jpg","90","https://rkjnyexhnkiigvwnqvtx.supabase.co/storage/v1/object/public/part-images/1791123680250_xgc2s2p.jpg","BONDERITE C-AK 4181-L (1).jpg","1"
"60","BONDERITE C-AK 4181-L","Ortak","Sarf",,,,"2026-10-04T14:21:09.43938+00:00","https://rkjnyexhnkiigvwnqvtx.supabase.co/storage/v1/object/public/part-images/1791123680205_pyraydm.jpg","91","https://rkjnyexhnkiigvwnqvtx.supabase.co/storage/v1/object/public/part-images/1791123680342_8aol4ah.jpg","BONDERITE C-AK 4181-L (2).jpg","2"
"60","BONDERITE C-AK 4181-L","Ortak","Sarf",,,,"2026-10-04T14:21:09.43938+00:00","https://rkjnyexhnkiigvwnqvtx.supabase.co/storage/v1/object/public/part-images/1791123680205_pyraydm.jpg","92","https://rkjnyexhnkiigvwnqvtx.supabase.co/storage/v1/object/public/part-images/1791123680903_e9fe2an.jpg","BONDERITE C-AK 4181-L (3).jpg","3"
"60","BONDERITE C-AK 4181-L","Ortak","Sarf",,,,"2026-10-04T14:21:09.43938+00:00","https://rkjnyexhnkiigvwnqvtx.supabase.co/storage/v1/object/public/part-images/1791123680205_pyraydm.jpg","93","https://rkjnyexhnkiigvwnqvtx.supabase.co/storage/v1/object/public/part-images/1791123680954_sm5uogc.jpg","BONDERITE C-AK 4181-L (4).jpg","4"
"61","D2527104520400","Ortak","Sarf",,,,"2026-10-04T14:21:09.43938+00:00","https://rkjnyexhnkiigvwnqvtx.supabase.co/storage/v1/object/public/part-images/1791123681123_jcl54cq.jpg","94","https://rkjnyexhnkiigvwnqvtx.supabase.co/storage/v1/object/public/part-images/1791123681123_jcl54cq.jpg","D2527104520400.jpg","0"
"61","D2527104520400","Ortak","Sarf",,,,"2026-10-04T14:21:09.43938+00:00","https://rkjnyexhnkiigvwnqvtx.supabase.co/storage/v1/object/public/part-images/1791123681123_jcl54cq.jpg","95","https://rkjnyexhnkiigvwnqvtx.supabase.co/storage/v1/object/public/part-images/1791123681642_k7hcgow.jpg","D2527104520400 (1).jpg","1"
"61","D2527104520400","Ortak","Sarf",,,,"2026-10-04T14:21:09.43938+00:00","https://rkjnyexhnkiigvwnqvtx.supabase.co/storage/v1/object/public/part-images/1791123681123_jcl54cq.jpg","96","https://rkjnyexhnkiigvwnqvtx.supabase.co/storage/v1/object/public/part-images/1791123681654_ivl53vn.jpg","D2527104520400 (2).jpg","2"
"61","D2527104520400","Ortak","Sarf",,,,"2026-10-04T14:21:09.43938+00:00","https://rkjnyexhnkiigvwnqvtx.supabase.co/storage/v1/object/public/part-images/1791123681123_jcl54cq.jpg","97","https://rkjnyexhnkiigvwnqvtx.supabase.co/storage/v1/object/public/part-images/1791123681768_i0bwx7e.jpg","D2527104520400 (3).jpg","3"
"61","D2527104520400","Ortak","Sarf",,,,"2026-10-04T14:21:09.43938+00:00","https://rkjnyexhnkiigvwnqvtx.supabase.co/storage/v1/object/public/part-images/1791123681123_jcl54cq.jpg","98","https://rkjnyexhnkiigvwnqvtx.supabase.co/storage/v1/object/public/part-images/1791123682295_aw6etsy.jpg","D2527104520400 (4).jpg","4"
"62","DAPHNECLEANING-BAGLAMA TELI 25CM","Ortak","Sarf",,,,"2026-10-04T14:21:09.43938+00:00","https://rkjnyexhnkiigvwnqvtx.supabase.co/storage/v1/object/public/part-images/1791123682419_z5x8cb6.jpg","99","https://rkjnyexhnkiigvwnqvtx.supabase.co/storage/v1/object/public/part-images/1791123682419_z5x8cb6.jpg","DAPHNECLEANING-BAGLAMA TELI 25CM.jpg","0"
"62","DAPHNECLEANING-BAGLAMA TELI 25CM","Ortak","Sarf",,,,"2026-10-04T14:21:09.43938+00:00","https://rkjnyexhnkiigvwnqvtx.supabase.co/storage/v1/object/public/part-images/1791123682419_z5x8cb6.jpg","100","https://rkjnyexhnkiigvwnqvtx.supabase.co/storage/v1/object/public/part-images/1791123682503_u856084.jpg","DAPHNECLEANING-BAGLAMA TELI 25CM (1).jpg","1"
"62","DAPHNECLEANING-BAGLAMA TELI 25CM","Ortak","Sarf",,,,"2026-10-04T14:21:09.43938+00:00","https://rkjnyexhnkiigvwnqvtx.supabase.co/storage/v1/object/public/part-images/1791123682419_z5x8cb6.jpg","101","https://rkjnyexhnkiigvwnqvtx.supabase.co/storage/v1/object/public/part-images/1791123683146_e8qbdru.jpg","DAPHNECLEANING-BAGLAMA TELI 25CM (2).jpg","2"
"62","DAPHNECLEANING-BAGLAMA TELI 25CM","Ortak","Sarf",,,,"2026-10-04T14:21:09.43938+00:00","https://rkjnyexhnkiigvwnqvtx.supabase.co/storage/v1/object/public/part-images/1791123682419_z5x8cb6.jpg","102","https://rkjnyexhnkiigvwnqvtx.supabase.co/storage/v1/object/public/part-images/1791123683161_3zrn20i.jpg","DAPHNECLEANING-BAGLAMA TELI 25CM (3).jpg","3"
"62","DAPHNECLEANING-BAGLAMA TELI 25CM","Ortak","Sarf",,,,"2026-10-04T14:21:09.43938+00:00","https://rkjnyexhnkiigvwnqvtx.supabase.co/storage/v1/object/public/part-images/1791123682419_z5x8cb6.jpg","103","https://rkjnyexhnkiigvwnqvtx.supabase.co/storage/v1/object/public/part-images/1791123683415_9j9v7m1.jpg","DAPHNECLEANING-BAGLAMA TELI 25CM (4).jpg","4"
"62","DAPHNECLEANING-BAGLAMA TELI 25CM","Ortak","Sarf",,,,"2026-10-04T14:21:09.43938+00:00","https://rkjnyexhnkiigvwnqvtx.supabase.co/storage/v1/object/public/part-images/1791123682419_z5x8cb6.jpg","104","https://rkjnyexhnkiigvwnqvtx.supabase.co/storage/v1/object/public/part-images/1791123683931_mgkd0b4.jpg","DAPHNECLEANING-BAGLAMA TELI 25CM (5).jpg","5"
"62","DAPHNECLEANING-BAGLAMA TELI 25CM","Ortak","Sarf",,,,"2026-10-04T14:21:09.43938+00:00","https://rkjnyexhnkiigvwnqvtx.supabase.co/storage/v1/object/public/part-images/1791123682419_z5x8cb6.jpg","105","https://rkjnyexhnkiigvwnqvtx.supabase.co/storage/v1/object/public/part-images/1791123684086_x9bt9fz.jpg","DAPHNECLEANING-BAGLAMA TELI 25CM (6).jpg","6"
"62","DAPHNECLEANING-BAGLAMA TELI 25CM","Ortak","Sarf",,,,"2026-10-04T14:21:09.43938+00:00","https://rkjnyexhnkiigvwnqvtx.supabase.co/storage/v1/object/public/part-images/1791123682419_z5x8cb6.jpg","106","https://rkjnyexhnkiigvwnqvtx.supabase.co/storage/v1/object/public/part-images/1791123684453_rufk0cm.jpg","DAPHNECLEANING-BAGLAMA TELI 25CM (7).jpg","7"
"62","DAPHNECLEANING-BAGLAMA TELI 25CM","Ortak","Sarf",,,,"2026-10-04T14:21:09.43938+00:00","https://rkjnyexhnkiigvwnqvtx.supabase.co/storage/v1/object/public/part-images/1791123682419_z5x8cb6.jpg","107","https://rkjnyexhnkiigvwnqvtx.supabase.co/storage/v1/object/public/part-images/1791123684653_bg2zksa.jpg","DAPHNECLEANING-BAGLAMA TELI 25CM (8).jpg","8"
"62","DAPHNECLEANING-BAGLAMA TELI 25CM","Ortak","Sarf",,,,"2026-10-04T14:21:09.43938+00:00","https://rkjnyexhnkiigvwnqvtx.supabase.co/storage/v1/object/public/part-images/1791123682419_z5x8cb6.jpg","108","https://rkjnyexhnkiigvwnqvtx.supabase.co/storage/v1/object/public/part-images/1791123684833_o1uq98i.jpg","DAPHNECLEANING-BAGLAMA TELI 25CM (9).jpg","9"
"62","DAPHNECLEANING-BAGLAMA TELI 25CM","Ortak","Sarf",,,,"2026-10-04T14:21:09.43938+00:00","https://rkjnyexhnkiigvwnqvtx.supabase.co/storage/v1/object/public/part-images/1791123682419_z5x8cb6.jpg","109","https://rkjnyexhnkiigvwnqvtx.supabase.co/storage/v1/object/public/part-images/1791123685178_hkmi134.jpg","DAPHNECLEANING-BAGLAMA TELI 25CM (10).jpg","10"
"62","DAPHNECLEANING-BAGLAMA TELI 25CM","Ortak","Sarf",,,,"2026-10-04T14:21:09.43938+00:00","https://rkjnyexhnkiigvwnqvtx.supabase.co/storage/v1/object/public/part-images/1791123682419_z5x8cb6.jpg","110","https://rkjnyexhnkiigvwnqvtx.supabase.co/storage/v1/object/public/part-images/1791123685382_ekgvbm0.jpg","DAPHNECLEANING-BAGLAMA TELI 25CM (11).jpg","11"
"62","DAPHNECLEANING-BAGLAMA TELI 25CM","Ortak","Sarf",,,,"2026-10-04T14:21:09.43938+00:00","https://rkjnyexhnkiigvwnqvtx.supabase.co/storage/v1/object/public/part-images/1791123682419_z5x8cb6.jpg","111","https://rkjnyexhnkiigvwnqvtx.supabase.co/storage/v1/object/public/part-images/1791123685544_4j4jv19.jpg","DAPHNECLEANING-BAGLAMA TELI 25CM (12).jpg","12"
"62","DAPHNECLEANING-BAGLAMA TELI 25CM","Ortak","Sarf",,,,"2026-10-04T14:21:09.43938+00:00","https://rkjnyexhnkiigvwnqvtx.supabase.co/storage/v1/object/public/part-images/1791123682419_z5x8cb6.jpg","112","https://rkjnyexhnkiigvwnqvtx.supabase.co/storage/v1/object/public/part-images/1791123685882_9mwzngm.jpg","DAPHNECLEANING-BAGLAMA TELI 25CM (13).jpg","13"
"62","DAPHNECLEANING-BAGLAMA TELI 25CM","Ortak","Sarf",,,,"2026-10-04T14:21:09.43938+00:00","https://rkjnyexhnkiigvwnqvtx.supabase.co/storage/v1/object/public/part-images/1791123682419_z5x8cb6.jpg","113","https://rkjnyexhnkiigvwnqvtx.supabase.co/storage/v1/object/public/part-images/1791123686127_3fosw2i.jpg","DAPHNECLEANING-BAGLAMA TELI 25CM (14).jpg","14"
"62","DAPHNECLEANING-BAGLAMA TELI 25CM","Ortak","Sarf",,,,"2026-10-04T14:21:09.43938+00:00","https://rkjnyexhnkiigvwnqvtx.supabase.co/storage/v1/object/public/part-images/1791123682419_z5x8cb6.jpg","114","https://rkjnyexhnkiigvwnqvtx.supabase.co/storage/v1/object/public/part-images/1791123686317_20nv1q8.jpg","DAPHNECLEANING-BAGLAMA TELI 25CM (15).jpg","15"
"62","DAPHNECLEANING-BAGLAMA TELI 25CM","Ortak","Sarf",,,,"2026-10-04T14:21:09.43938+00:00","https://rkjnyexhnkiigvwnqvtx.supabase.co/storage/v1/object/public/part-images/1791123682419_z5x8cb6.jpg","115","https://rkjnyexhnkiigvwnqvtx.supabase.co/storage/v1/object/public/part-images/1791123686734_eams8j0.jpg","DAPHNECLEANING-BAGLAMA TELI 25CM (16).jpg","16"
"63","DVE90-07","Ortak","Sarf",,,,"2026-10-04T14:21:09.43938+00:00","https://rkjnyexhnkiigvwnqvtx.supabase.co/storage/v1/object/public/part-images/1791123686997_9imtlox.jpg","116","https://rkjnyexhnkiigvwnqvtx.supabase.co/storage/v1/object/public/part-images/1791123686997_9imtlox.jpg","DVE90-07.jpg","0"
"63","DVE90-07","Ortak","Sarf",,,,"2026-10-04T14:21:09.43938+00:00","https://rkjnyexhnkiigvwnqvtx.supabase.co/storage/v1/object/public/part-images/1791123686997_9imtlox.jpg","117","https://rkjnyexhnkiigvwnqvtx.supabase.co/storage/v1/object/public/part-images/1791123687064_xt9mb0g.jpg","DVE90-07 (1).jpg","1"
"63","DVE90-07","Ortak","Sarf",,,,"2026-10-04T14:21:09.43938+00:00","https://rkjnyexhnkiigvwnqvtx.supabase.co/storage/v1/object/public/part-images/1791123686997_9imtlox.jpg","118","https://rkjnyexhnkiigvwnqvtx.supabase.co/storage/v1/object/public/part-images/1791123687992_mhu0ob2.jpg","DVE90-07 (3).jpg","3"
"63","DVE90-07","Ortak","Sarf",,,,"2026-10-04T14:21:09.43938+00:00","https://rkjnyexhnkiigvwnqvtx.supabase.co/storage/v1/object/public/part-images/1791123686997_9imtlox.jpg","119","https://rkjnyexhnkiigvwnqvtx.supabase.co/storage/v1/object/public/part-images/1791123687827_h4q4v9e.jpg","DVE90-07 (2).jpg","2"
"63","DVE90-07","Ortak","Sarf",,,,"2026-10-04T14:21:09.43938+00:00","https://rkjnyexhnkiigvwnqvtx.supabase.co/storage/v1/object/public/part-images/1791123686997_9imtlox.jpg","120","https://rkjnyexhnkiigvwnqvtx.supabase.co/storage/v1/object/public/part-images/1791123688237_zilxllh.jpg","DVE90-07 (4).jpg","4"
"63","DVE90-07","Ortak","Sarf",,,,"2026-10-04T14:21:09.43938+00:00","https://rkjnyexhnkiigvwnqvtx.supabase.co/storage/v1/object/public/part-images/1791123686997_9imtlox.jpg","121","https://rkjnyexhnkiigvwnqvtx.supabase.co/storage/v1/object/public/part-images/1791123688772_u0mmiir.jpg","DVE90-07 (5).jpg","5"
"63","DVE90-07","Ortak","Sarf",,,,"2026-10-04T14:21:09.43938+00:00","https://rkjnyexhnkiigvwnqvtx.supabase.co/storage/v1/object/public/part-images/1791123686997_9imtlox.jpg","122","https://rkjnyexhnkiigvwnqvtx.supabase.co/storage/v1/object/public/part-images/1791123689056_non0hee.jpg","DVE90-07 (6).jpg","6"
"64","FLOORSIL 2 8.15","Ortak","Sarf",,,,"2026-10-04T14:21:09.43938+00:00","https://rkjnyexhnkiigvwnqvtx.supabase.co/storage/v1/object/public/part-images/1791123689042_whqu9p9.jpg","123","https://rkjnyexhnkiigvwnqvtx.supabase.co/storage/v1/object/public/part-images/1791123689042_whqu9p9.jpg","FLOORSIL 2 8.15.jpg","0"
"64","FLOORSIL 2 8.15","Ortak","Sarf",,,,"2026-10-04T14:21:09.43938+00:00","https://rkjnyexhnkiigvwnqvtx.supabase.co/storage/v1/object/public/part-images/1791123689042_whqu9p9.jpg","124","https://rkjnyexhnkiigvwnqvtx.supabase.co/storage/v1/object/public/part-images/1791123689550_wr4hg0t.jpg","FLOORSIL 2 8.15 (1).jpg","1"
"64","FLOORSIL 2 8.15","Ortak","Sarf",,,,"2026-10-04T14:21:09.43938+00:00","https://rkjnyexhnkiigvwnqvtx.supabase.co/storage/v1/object/public/part-images/1791123689042_whqu9p9.jpg","125","https://rkjnyexhnkiigvwnqvtx.supabase.co/storage/v1/object/public/part-images/1791123689850_17gcsud.jpg","FLOORSIL 2 8.15 (2).jpg","2"
"64","FLOORSIL 2 8.15","Ortak","Sarf",,,,"2026-10-04T14:21:09.43938+00:00","https://rkjnyexhnkiigvwnqvtx.supabase.co/storage/v1/object/public/part-images/1791123689042_whqu9p9.jpg","126","https://rkjnyexhnkiigvwnqvtx.supabase.co/storage/v1/object/public/part-images/1791123690269_rekg7fv.jpg","FLOORSIL 2 8.15 (3).jpg","3"
"64","FLOORSIL 2 8.15","Ortak","Sarf",,,,"2026-10-04T14:21:09.43938+00:00","https://rkjnyexhnkiigvwnqvtx.supabase.co/storage/v1/object/public/part-images/1791123689042_whqu9p9.jpg","127","https://rkjnyexhnkiigvwnqvtx.supabase.co/storage/v1/object/public/part-images/1791123690504_eo4wz3b.jpg","FLOORSIL 2 8.15 (4).jpg","4"
"64","FLOORSIL 2 8.15","Ortak","Sarf",,,,"2026-10-04T14:21:09.43938+00:00","https://rkjnyexhnkiigvwnqvtx.supabase.co/storage/v1/object/public/part-images/1791123689042_whqu9p9.jpg","129","https://rkjnyexhnkiigvwnqvtx.supabase.co/storage/v1/object/public/part-images/1791123691260_5g0sorl.jpg","FLOORSIL 2 8.15 (5).jpg","5"
"65","HCB31-1195","Ortak","Sarf",,,,"2026-10-04T14:21:09.43938+00:00","https://rkjnyexhnkiigvwnqvtx.supabase.co/storage/v1/object/public/part-images/1791123691115_7hjp7t5.jpg","128","https://rkjnyexhnkiigvwnqvtx.supabase.co/storage/v1/object/public/part-images/1791123691115_7hjp7t5.jpg","HCB31-1195.jpg","0"
"65","HCB31-1195","Ortak","Sarf",,,,"2026-10-04T14:21:09.43938+00:00","https://rkjnyexhnkiigvwnqvtx.supabase.co/storage/v1/object/public/part-images/1791123691115_7hjp7t5.jpg","130","https://rkjnyexhnkiigvwnqvtx.supabase.co/storage/v1/object/public/part-images/1791123691305_4hyr5xo.jpg","HCB31-1195 (1).jpg","1"
"66","NAS1149F0463P","Ortak","Sarf",,,,"2026-10-04T14:21:09.43938+00:00","https://rkjnyexhnkiigvwnqvtx.supabase.co/storage/v1/object/public/part-images/1791123691849_ftnogjs.jpg","131","https://rkjnyexhnkiigvwnqvtx.supabase.co/storage/v1/object/public/part-images/1791123691849_ftnogjs.jpg","NAS1149F0463P.jpg","0"
"66","NAS1149F0463P","Ortak","Sarf",,,,"2026-10-04T14:21:09.43938+00:00","https://rkjnyexhnkiigvwnqvtx.supabase.co/storage/v1/object/public/part-images/1791123691849_ftnogjs.jpg","132","https://rkjnyexhnkiigvwnqvtx.supabase.co/storage/v1/object/public/part-images/1791123692063_e16wu04.jpg","NAS1149F0463P (1).jpg","1"
"66","NAS1149F0463P","Ortak","Sarf",,,,"2026-10-04T14:21:09.43938+00:00","https://rkjnyexhnkiigvwnqvtx.supabase.co/storage/v1/object/public/part-images/1791123691849_ftnogjs.jpg","133","https://rkjnyexhnkiigvwnqvtx.supabase.co/storage/v1/object/public/part-images/1791123692265_sowaw5p.jpg","NAS1149F0463P (2).jpg","2"
"66","NAS1149F0463P","Ortak","Sarf",,,,"2026-10-04T14:21:09.43938+00:00","https://rkjnyexhnkiigvwnqvtx.supabase.co/storage/v1/object/public/part-images/1791123691849_ftnogjs.jpg","134","https://rkjnyexhnkiigvwnqvtx.supabase.co/storage/v1/object/public/part-images/1791123692541_cmtn7ro.jpg","NAS1149F0463P (3).jpg","3"
"66","NAS1149F0463P","Ortak","Sarf",,,,"2026-10-04T14:21:09.43938+00:00","https://rkjnyexhnkiigvwnqvtx.supabase.co/storage/v1/object/public/part-images/1791123691849_ftnogjs.jpg","135","https://rkjnyexhnkiigvwnqvtx.supabase.co/storage/v1/object/public/part-images/1791123692833_vtbp6qk.jpg","NAS1149F0463P (4).jpg","4"
"66","NAS1149F0463P","Ortak","Sarf",,,,"2026-10-04T14:21:09.43938+00:00","https://rkjnyexhnkiigvwnqvtx.supabase.co/storage/v1/object/public/part-images/1791123691849_ftnogjs.jpg","136","https://rkjnyexhnkiigvwnqvtx.supabase.co/storage/v1/object/public/part-images/1791123693078_cddpfgm.jpg","NAS1149F0463P (5).jpg","5"
"67","NAS6604-15","Ortak","Sarf",,,,"2026-10-04T14:21:09.43938+00:00","https://rkjnyexhnkiigvwnqvtx.supabase.co/storage/v1/object/public/part-images/1791123693291_luapieb.jpg","137","https://rkjnyexhnkiigvwnqvtx.supabase.co/storage/v1/object/public/part-images/1791123693291_luapieb.jpg","NAS6604-15.jpg","0"
"67","NAS6604-15","Ortak","Sarf",,,,"2026-10-04T14:21:09.43938+00:00","https://rkjnyexhnkiigvwnqvtx.supabase.co/storage/v1/object/public/part-images/1791123693291_luapieb.jpg","138","https://rkjnyexhnkiigvwnqvtx.supabase.co/storage/v1/object/public/part-images/1791123693496_9wblqcz.jpg","NAS6604-15 (1).jpg","1"
"68","NSA5321-6","Ortak","Sarf",,,,"2026-10-04T14:21:09.43938+00:00","https://rkjnyexhnkiigvwnqvtx.supabase.co/storage/v1/object/public/part-images/1791123693787_dmrobmz.jpg","139","https://rkjnyexhnkiigvwnqvtx.supabase.co/storage/v1/object/public/part-images/1791123693787_dmrobmz.jpg","NSA5321-6.jpg","0"
"68","NSA5321-6","Ortak","Sarf",,,,"2026-10-04T14:21:09.43938+00:00","https://rkjnyexhnkiigvwnqvtx.supabase.co/storage/v1/object/public/part-images/1791123693787_dmrobmz.jpg","140","https://rkjnyexhnkiigvwnqvtx.supabase.co/storage/v1/object/public/part-images/1791123693988_wgsh78q.jpg","NSA5321-6 (1).jpg","1"
"69","P1100-7561","Ortak","Sarf",,,,"2026-10-04T14:21:09.43938+00:00","https://rkjnyexhnkiigvwnqvtx.supabase.co/storage/v1/object/public/part-images/1791123694269_r5gtgp0.jpg","141","https://rkjnyexhnkiigvwnqvtx.supabase.co/storage/v1/object/public/part-images/1791123694269_r5gtgp0.jpg","P1100-7561.jpg","0"
"69","P1100-7561","Ortak","Sarf",,,,"2026-10-04T14:21:09.43938+00:00","https://rkjnyexhnkiigvwnqvtx.supabase.co/storage/v1/object/public/part-images/1791123694269_r5gtgp0.jpg","142","https://rkjnyexhnkiigvwnqvtx.supabase.co/storage/v1/object/public/part-images/1791123694612_nm3z81a.jpg","P1100-7561 (2).jpg","2"
"69","P1100-7561","Ortak","Sarf",,,,"2026-10-04T14:21:09.43938+00:00","https://rkjnyexhnkiigvwnqvtx.supabase.co/storage/v1/object/public/part-images/1791123694269_r5gtgp0.jpg","143","https://rkjnyexhnkiigvwnqvtx.supabase.co/storage/v1/object/public/part-images/1791123694561_kzuvtbl.jpg","P1100-7561 (1).jpg","1"
"69","P1100-7561","Ortak","Sarf",,,,"2026-10-04T14:21:09.43938+00:00","https://rkjnyexhnkiigvwnqvtx.supabase.co/storage/v1/object/public/part-images/1791123694269_r5gtgp0.jpg","144","https://rkjnyexhnkiigvwnqvtx.supabase.co/storage/v1/object/public/part-images/1791123694955_anezdtk.jpg","P1100-7561 (3).jpg","3"
"69","P1100-7561","Ortak","Sarf",,,,"2026-10-04T14:21:09.43938+00:00","https://rkjnyexhnkiigvwnqvtx.supabase.co/storage/v1/object/public/part-images/1791123694269_r5gtgp0.jpg","145","https://rkjnyexhnkiigvwnqvtx.supabase.co/storage/v1/object/public/part-images/1791123695471_g9845iu.jpg","P1100-7561 (5).jpg","5"
"69","P1100-7561","Ortak","Sarf",,,,"2026-10-04T14:21:09.43938+00:00","https://rkjnyexhnkiigvwnqvtx.supabase.co/storage/v1/object/public/part-images/1791123694269_r5gtgp0.jpg","146","https://rkjnyexhnkiigvwnqvtx.supabase.co/storage/v1/object/public/part-images/1791123695381_tuwoqxf.jpg","P1100-7561 (4).jpg","4"
"69","P1100-7561","Ortak","Sarf",,,,"2026-10-04T14:21:09.43938+00:00","https://rkjnyexhnkiigvwnqvtx.supabase.co/storage/v1/object/public/part-images/1791123694269_r5gtgp0.jpg","147","https://rkjnyexhnkiigvwnqvtx.supabase.co/storage/v1/object/public/part-images/1791123695781_7tgp168.jpg","P1100-7561 (6).jpg","6"
"70","P1100-7639","Ortak","Sarf",,,,"2026-10-04T14:21:09.43938+00:00","https://rkjnyexhnkiigvwnqvtx.supabase.co/storage/v1/object/public/part-images/1791123696256_p80s7t1.jpg","148","https://rkjnyexhnkiigvwnqvtx.supabase.co/storage/v1/object/public/part-images/1791123696256_p80s7t1.jpg","P1100-7639.jpg","0"
"70","P1100-7639","Ortak","Sarf",,,,"2026-10-04T14:21:09.43938+00:00","https://rkjnyexhnkiigvwnqvtx.supabase.co/storage/v1/object/public/part-images/1791123696256_p80s7t1.jpg","149","https://rkjnyexhnkiigvwnqvtx.supabase.co/storage/v1/object/public/part-images/1791123696261_wstdt56.jpg","P1100-7639 (1).jpg","1"
"70","P1100-7639","Ortak","Sarf",,,,"2026-10-04T14:21:09.43938+00:00","https://rkjnyexhnkiigvwnqvtx.supabase.co/storage/v1/object/public/part-images/1791123696256_p80s7t1.jpg","150","https://rkjnyexhnkiigvwnqvtx.supabase.co/storage/v1/object/public/part-images/1791123696501_u4q4xe9.jpg","P1100-7639 (2).jpg","2"
"70","P1100-7639","Ortak","Sarf",,,,"2026-10-04T14:21:09.43938+00:00","https://rkjnyexhnkiigvwnqvtx.supabase.co/storage/v1/object/public/part-images/1791123696256_p80s7t1.jpg","151","https://rkjnyexhnkiigvwnqvtx.supabase.co/storage/v1/object/public/part-images/1791123696971_t1jcjhs.jpg","P1100-7639 (3).jpg","3"
"70","P1100-7639","Ortak","Sarf",,,,"2026-10-04T14:21:09.43938+00:00","https://rkjnyexhnkiigvwnqvtx.supabase.co/storage/v1/object/public/part-images/1791123696256_p80s7t1.jpg","152","https://rkjnyexhnkiigvwnqvtx.supabase.co/storage/v1/object/public/part-images/1791123697006_pege4qr.jpg","P1100-7639 (4).jpg","4"
"70","P1100-7639","Ortak","Sarf",,,,"2026-10-04T14:21:09.43938+00:00","https://rkjnyexhnkiigvwnqvtx.supabase.co/storage/v1/object/public/part-images/1791123696256_p80s7t1.jpg","153","https://rkjnyexhnkiigvwnqvtx.supabase.co/storage/v1/object/public/part-images/1791123697230_5em4tz8.jpg","P1100-7639 (5).jpg","5"
"70","P1100-7639","Ortak","Sarf",,,,"2026-10-04T14:21:09.43938+00:00","https://rkjnyexhnkiigvwnqvtx.supabase.co/storage/v1/object/public/part-images/1791123696256_p80s7t1.jpg","154","https://rkjnyexhnkiigvwnqvtx.supabase.co/storage/v1/object/public/part-images/1791123697674_q6zgwhs.jpg","P1100-7639 (6).jpg","6"
"71","P1109-0029","Ortak","Sarf",,,,"2026-10-04T14:21:09.43938+00:00","https://rkjnyexhnkiigvwnqvtx.supabase.co/storage/v1/object/public/part-images/1791123697698_d3pix8n.jpg","155","https://rkjnyexhnkiigvwnqvtx.supabase.co/storage/v1/object/public/part-images/1791123697698_d3pix8n.jpg","P1109-0029.jpg","0"
"71","P1109-0029","Ortak","Sarf",,,,"2026-10-04T14:21:09.43938+00:00","https://rkjnyexhnkiigvwnqvtx.supabase.co/storage/v1/object/public/part-images/1791123697698_d3pix8n.jpg","157","https://rkjnyexhnkiigvwnqvtx.supabase.co/storage/v1/object/public/part-images/1791123697921_tzap5z0.jpg","P1109-0029 (1).jpg","1"
"72","P1109-0030","Ortak","Sarf",,,,"2026-10-04T14:21:09.43938+00:00","https://rkjnyexhnkiigvwnqvtx.supabase.co/storage/v1/object/public/part-images/1791123698345_5jrfrqp.jpg","156","https://rkjnyexhnkiigvwnqvtx.supabase.co/storage/v1/object/public/part-images/1791123698345_5jrfrqp.jpg","P1109-0030.jpg","0"
"72","P1109-0030","Ortak","Sarf",,,,"2026-10-04T14:21:09.43938+00:00","https://rkjnyexhnkiigvwnqvtx.supabase.co/storage/v1/object/public/part-images/1791123698345_5jrfrqp.jpg","158","https://rkjnyexhnkiigvwnqvtx.supabase.co/storage/v1/object/public/part-images/1791123698383_xs6jsso.jpg","P1109-0030 (1).jpg","1"
"72","P1109-0030","Ortak","Sarf",,,,"2026-10-04T14:21:09.43938+00:00","https://rkjnyexhnkiigvwnqvtx.supabase.co/storage/v1/object/public/part-images/1791123698345_5jrfrqp.jpg","160","https://rkjnyexhnkiigvwnqvtx.supabase.co/storage/v1/object/public/part-images/1791123699229_3bhrjjy.jpg","P1109-0030 (2).jpg","2"
"73","PS890B1-2-1001","Ortak","Sarf",,,,"2026-10-04T14:21:09.43938+00:00","https://rkjnyexhnkiigvwnqvtx.supabase.co/storage/v1/object/public/part-images/1791123699257_41ykv2g.jpg","161","https://rkjnyexhnkiigvwnqvtx.supabase.co/storage/v1/object/public/part-images/1791123699257_41ykv2g.jpg","PS890B1-2-1001 (1).jpg","1"
"73","PS890B1-2-1001","Ortak","Sarf",,,,"2026-10-04T14:21:09.43938+00:00","https://rkjnyexhnkiigvwnqvtx.supabase.co/storage/v1/object/public/part-images/1791123699257_41ykv2g.jpg","162","https://rkjnyexhnkiigvwnqvtx.supabase.co/storage/v1/object/public/part-images/1791123699904_ev8tlhk.jpg","PS890B1-2-1001 (2).jpg","2"
"73","PS890B1-2-1001","Ortak","Sarf",,,,"2026-10-04T14:21:09.43938+00:00","https://rkjnyexhnkiigvwnqvtx.supabase.co/storage/v1/object/public/part-images/1791123699257_41ykv2g.jpg","164","https://rkjnyexhnkiigvwnqvtx.supabase.co/storage/v1/object/public/part-images/1791123699952_t0599id.jpg","PS890B1-2-1001 (3).jpg","3"
"73","PS890B1-2-1001","Ortak","Sarf",,,,"2026-10-04T14:21:09.43938+00:00","https://rkjnyexhnkiigvwnqvtx.supabase.co/storage/v1/object/public/part-images/1791123699257_41ykv2g.jpg","395","https://rkjnyexhnkiigvwnqvtx.supabase.co/storage/v1/object/public/part-images/1791124900332_sg9in9w.jpg","PS890B1-2-1001.jpg","4"
"73","PS890B1-2-1001","Ortak","Sarf",,,,"2026-10-04T14:21:09.43938+00:00","https://rkjnyexhnkiigvwnqvtx.supabase.co/storage/v1/object/public/part-images/1791123699257_41ykv2g.jpg","396","https://rkjnyexhnkiigvwnqvtx.supabase.co/storage/v1/object/public/part-images/1791124900632_1yrypq6.jpg","PS890B1-2-1001 (4).jpg","5"
"73","PS890B1-2-1001","Ortak","Sarf",,,,"2026-10-04T14:21:09.43938+00:00","https://rkjnyexhnkiigvwnqvtx.supabase.co/storage/v1/object/public/part-images/1791123699257_41ykv2g.jpg","397","https://rkjnyexhnkiigvwnqvtx.supabase.co/storage/v1/object/public/part-images/1791124900913_j1dwwcs.jpg","PS890B1-2-1001 (5).jpg","6"
"73","PS890B1-2-1001","Ortak","Sarf",,,,"2026-10-04T14:21:09.43938+00:00","https://rkjnyexhnkiigvwnqvtx.supabase.co/storage/v1/object/public/part-images/1791123699257_41ykv2g.jpg","398","https://rkjnyexhnkiigvwnqvtx.supabase.co/storage/v1/object/public/part-images/1791124901121_rovledw.jpg","PS890B1-2-1001 (6).jpg","7"
"73","PS890B1-2-1001","Ortak","Sarf",,,,"2026-10-04T14:21:09.43938+00:00","https://rkjnyexhnkiigvwnqvtx.supabase.co/storage/v1/object/public/part-images/1791123699257_41ykv2g.jpg","399","https://rkjnyexhnkiigvwnqvtx.supabase.co/storage/v1/object/public/part-images/1791124901433_zltsye1.jpg","PS890B1-2-1001 (7).jpg","8"
"73","PS890B1-2-1001","Ortak","Sarf",,,,"2026-10-04T14:21:09.43938+00:00","https://rkjnyexhnkiigvwnqvtx.supabase.co/storage/v1/object/public/part-images/1791123699257_41ykv2g.jpg","400","https://rkjnyexhnkiigvwnqvtx.supabase.co/storage/v1/object/public/part-images/1791124901684_1xl845j.jpg","PS890B1-2-1001 (8).jpg","9"
"73","PS890B1-2-1001","Ortak","Sarf",,,,"2026-10-04T14:21:09.43938+00:00","https://rkjnyexhnkiigvwnqvtx.supabase.co/storage/v1/object/public/part-images/1791123699257_41ykv2g.jpg","401","https://rkjnyexhnkiigvwnqvtx.supabase.co/storage/v1/object/public/part-images/1791124901989_khech8j.jpg","PS890B1-2-1001 (9).jpg","10"
"73","PS890B1-2-1001","Ortak","Sarf",,,,"2026-10-04T14:21:09.43938+00:00","https://rkjnyexhnkiigvwnqvtx.supabase.co/storage/v1/object/public/part-images/1791123699257_41ykv2g.jpg","402","https://rkjnyexhnkiigvwnqvtx.supabase.co/storage/v1/object/public/part-images/1791124902307_ltfab0g.jpg","PS890B1-2-1001 (10).jpg","11"
"73","PS890B1-2-1001","Ortak","Sarf",,,,"2026-10-04T14:21:09.43938+00:00","https://rkjnyexhnkiigvwnqvtx.supabase.co/storage/v1/object/public/part-images/1791123699257_41ykv2g.jpg","403","https://rkjnyexhnkiigvwnqvtx.supabase.co/storage/v1/object/public/part-images/1791124902552_167ms0e.jpg","PS890B1-2-1001 (11).jpg","12"
"73","PS890B1-2-1001","Ortak","Sarf",,,,"2026-10-04T14:21:09.43938+00:00","https://rkjnyexhnkiigvwnqvtx.supabase.co/storage/v1/object/public/part-images/1791123699257_41ykv2g.jpg","404","https://rkjnyexhnkiigvwnqvtx.supabase.co/storage/v1/object/public/part-images/1791124902814_a7uueon.jpg","PS890B1-2-1001 (12).jpg","13"
"74","T19134R","Ortak","Sarf",,,,"2026-10-04T14:21:09.43938+00:00","https://rkjnyexhnkiigvwnqvtx.supabase.co/storage/v1/object/public/part-images/1791123700120_g1py30w.jpg","163","https://rkjnyexhnkiigvwnqvtx.supabase.co/storage/v1/object/public/part-images/1791123700120_g1py30w.jpg","T19134R.jpg","0"
"74","T19134R","Ortak","Sarf",,,,"2026-10-04T14:21:09.43938+00:00","https://rkjnyexhnkiigvwnqvtx.supabase.co/storage/v1/object/public/part-images/1791123700120_g1py30w.jpg","165","https://rkjnyexhnkiigvwnqvtx.supabase.co/storage/v1/object/public/part-images/1791123700636_o68txhz.jpg","T19134R (1).jpg","1"
"74","T19134R","Ortak","Sarf",,,,"2026-10-04T14:21:09.43938+00:00","https://rkjnyexhnkiigvwnqvtx.supabase.co/storage/v1/object/public/part-images/1791123700120_g1py30w.jpg","166","https://rkjnyexhnkiigvwnqvtx.supabase.co/storage/v1/object/public/part-images/1791123700885_a7qtmg7.jpg","T19134R (2).jpg","2"
"75","TOLUOL-1LT","Ortak","Sarf",,,,"2026-10-04T14:21:09.43938+00:00","https://rkjnyexhnkiigvwnqvtx.supabase.co/storage/v1/object/public/part-images/1791123701400_ir0lten.jpg","167","https://rkjnyexhnkiigvwnqvtx.supabase.co/storage/v1/object/public/part-images/1791123701377_ybuq8pi.jpg","TOLUOL-1LT (1).jpg","1"
"75","TOLUOL-1LT","Ortak","Sarf",,,,"2026-10-04T14:21:09.43938+00:00","https://rkjnyexhnkiigvwnqvtx.supabase.co/storage/v1/object/public/part-images/1791123701400_ir0lten.jpg","168","https://rkjnyexhnkiigvwnqvtx.supabase.co/storage/v1/object/public/part-images/1791123701400_ir0lten.jpg","TOLUOL-1LT.jpg","0"
"75","TOLUOL-1LT","Ortak","Sarf",,,,"2026-10-04T14:21:09.43938+00:00","https://rkjnyexhnkiigvwnqvtx.supabase.co/storage/v1/object/public/part-images/1791123701400_ir0lten.jpg","169","https://rkjnyexhnkiigvwnqvtx.supabase.co/storage/v1/object/public/part-images/1791123701683_svc5ggf.jpg","TOLUOL-1LT (2).jpg","2"
"76","VVP236","Ortak","Sarf",,,,"2026-10-04T14:21:09.43938+00:00","https://rkjnyexhnkiigvwnqvtx.supabase.co/storage/v1/object/public/part-images/1791123702199_wl31tzt.jpg","170","https://rkjnyexhnkiigvwnqvtx.supabase.co/storage/v1/object/public/part-images/1791123702199_wl31tzt.jpg","VVP236.jpg","0"
"76","VVP236","Ortak","Sarf",,,,"2026-10-04T14:21:09.43938+00:00","https://rkjnyexhnkiigvwnqvtx.supabase.co/storage/v1/object/public/part-images/1791123702199_wl31tzt.jpg","171","https://rkjnyexhnkiigvwnqvtx.supabase.co/storage/v1/object/public/part-images/1791123702564_db3rqcr.jpg","VVP236 (2).jpg","2"
"76","VVP236","Ortak","Sarf",,,,"2026-10-04T14:21:09.43938+00:00","https://rkjnyexhnkiigvwnqvtx.supabase.co/storage/v1/object/public/part-images/1791123702199_wl31tzt.jpg","172","https://rkjnyexhnkiigvwnqvtx.supabase.co/storage/v1/object/public/part-images/1791123702248_s5d8i25.jpg","VVP236 (1).jpg","1"
"77","0-123-001400000",,,,,,"2026-10-04T14:40:31.56118+00:00","https://rkjnyexhnkiigvwnqvtx.supabase.co/storage/v1/object/public/part-images/1791124831484_evjdkyl.jpg","173","https://rkjnyexhnkiigvwnqvtx.supabase.co/storage/v1/object/public/part-images/1791124831437_qxmly9s.jpg","0-123-001400000 (1).jpg","1"
"77","0-123-001400000",,,,,,"2026-10-04T14:40:31.56118+00:00","https://rkjnyexhnkiigvwnqvtx.supabase.co/storage/v1/object/public/part-images/1791124831484_evjdkyl.jpg","174","https://rkjnyexhnkiigvwnqvtx.supabase.co/storage/v1/object/public/part-images/1791124831465_9428ir2.jpg","0-123-001400000 (2).jpg","2"
"77","0-123-001400000",,,,,,"2026-10-04T14:40:31.56118+00:00","https://rkjnyexhnkiigvwnqvtx.supabase.co/storage/v1/object/public/part-images/1791124831484_evjdkyl.jpg","175","https://rkjnyexhnkiigvwnqvtx.supabase.co/storage/v1/object/public/part-images/1791124831484_evjdkyl.jpg","0-123-001400000.jpg","0"
"77","0-123-001400000",,,,,,"2026-10-04T14:40:31.56118+00:00","https://rkjnyexhnkiigvwnqvtx.supabase.co/storage/v1/object/public/part-images/1791124831484_evjdkyl.jpg","178","https://rkjnyexhnkiigvwnqvtx.supabase.co/storage/v1/object/public/part-images/1791124832518_6s54fki.jpg","0-123-001400000 (3).jpg","3"
"78","0203478-004",,,,,,"2026-10-04T14:40:31.56118+00:00","https://rkjnyexhnkiigvwnqvtx.supabase.co/storage/v1/object/public/part-images/1791124832487_bgsvq88.jpg","176","https://rkjnyexhnkiigvwnqvtx.supabase.co/storage/v1/object/public/part-images/1791124832487_bgsvq88.jpg","0203478-004.jpg","0"
"78","0203478-004",,,,,,"2026-10-04T14:40:31.56118+00:00","https://rkjnyexhnkiigvwnqvtx.supabase.co/storage/v1/object/public/part-images/1791124832487_bgsvq88.jpg","177","https://rkjnyexhnkiigvwnqvtx.supabase.co/storage/v1/object/public/part-images/1791124832550_8liu6fm.jpg","0203478-004 (1).jpg","1"
"78","0203478-004",,,,,,"2026-10-04T14:40:31.56118+00:00","https://rkjnyexhnkiigvwnqvtx.supabase.co/storage/v1/object/public/part-images/1791124832487_bgsvq88.jpg","179","https://rkjnyexhnkiigvwnqvtx.supabase.co/storage/v1/object/public/part-images/1791124833204_qch0a8d.jpg","0203478-004 (2).jpg","2"
"79","3192AW05SA15",,,,,,"2026-10-04T14:40:31.56118+00:00","https://rkjnyexhnkiigvwnqvtx.supabase.co/storage/v1/object/public/part-images/1791124833452_ak3lra4.jpg","180","https://rkjnyexhnkiigvwnqvtx.supabase.co/storage/v1/object/public/part-images/1791124833452_ak3lra4.jpg","3192AW05SA15.jpg","0"
"79","3192AW05SA15",,,,,,"2026-10-04T14:40:31.56118+00:00","https://rkjnyexhnkiigvwnqvtx.supabase.co/storage/v1/object/public/part-images/1791124833452_ak3lra4.jpg","181","https://rkjnyexhnkiigvwnqvtx.supabase.co/storage/v1/object/public/part-images/1791124833513_xkslp81.jpg","3192AW05SA15 (1).jpg","1"
"79","3192AW05SA15",,,,,,"2026-10-04T14:40:31.56118+00:00","https://rkjnyexhnkiigvwnqvtx.supabase.co/storage/v1/object/public/part-images/1791124833452_ak3lra4.jpg","182","https://rkjnyexhnkiigvwnqvtx.supabase.co/storage/v1/object/public/part-images/1791124834059_v675kcg.jpg","3192AW05SA15 (2).jpg","2"
"79","3192AW05SA15",,,,,,"2026-10-04T14:40:31.56118+00:00","https://rkjnyexhnkiigvwnqvtx.supabase.co/storage/v1/object/public/part-images/1791124833452_ak3lra4.jpg","183","https://rkjnyexhnkiigvwnqvtx.supabase.co/storage/v1/object/public/part-images/1791124834310_a4h1gmi.jpg","3192AW05SA15 (3).jpg","3"
"80","3M850TRANSPARENT-1INCHX72YDS",,,,,,"2026-10-04T14:40:31.56118+00:00","https://rkjnyexhnkiigvwnqvtx.supabase.co/storage/v1/object/public/part-images/1791124834559_9xh8t5q.jpg","184","https://rkjnyexhnkiigvwnqvtx.supabase.co/storage/v1/object/public/part-images/1791124834559_9xh8t5q.jpg","3M850TRANSPARENT-1INCHX72YDS.jpg","0"
"80","3M850TRANSPARENT-1INCHX72YDS",,,,,,"2026-10-04T14:40:31.56118+00:00","https://rkjnyexhnkiigvwnqvtx.supabase.co/storage/v1/object/public/part-images/1791124834559_9xh8t5q.jpg","185","https://rkjnyexhnkiigvwnqvtx.supabase.co/storage/v1/object/public/part-images/1791124834895_hwzy5c8.jpg","3M850TRANSPARENT-1INCHX72YDS (1).jpg","1"
"80","3M850TRANSPARENT-1INCHX72YDS",,,,,,"2026-10-04T14:40:31.56118+00:00","https://rkjnyexhnkiigvwnqvtx.supabase.co/storage/v1/object/public/part-images/1791124834559_9xh8t5q.jpg","186","https://rkjnyexhnkiigvwnqvtx.supabase.co/storage/v1/object/public/part-images/1791124834995_ux3sh50.jpg","3M850TRANSPARENT-1INCHX72YDS (2).jpg","2"
"81","4005-1-011-9006",,,,,,"2026-10-04T14:40:31.56118+00:00","https://rkjnyexhnkiigvwnqvtx.supabase.co/storage/v1/object/public/part-images/1791124835362_ypxq98k.jpg","187","https://rkjnyexhnkiigvwnqvtx.supabase.co/storage/v1/object/public/part-images/1791124835362_ypxq98k.jpg","4005-1-011-9006.jpg","0"
"81","4005-1-011-9006",,,,,,"2026-10-04T14:40:31.56118+00:00","https://rkjnyexhnkiigvwnqvtx.supabase.co/storage/v1/object/public/part-images/1791124835362_ypxq98k.jpg","188","https://rkjnyexhnkiigvwnqvtx.supabase.co/storage/v1/object/public/part-images/1791124835638_0sonjdv.jpg","4005-1-011-9006 (1).jpg","1"
"81","4005-1-011-9006",,,,,,"2026-10-04T14:40:31.56118+00:00","https://rkjnyexhnkiigvwnqvtx.supabase.co/storage/v1/object/public/part-images/1791124835362_ypxq98k.jpg","189","https://rkjnyexhnkiigvwnqvtx.supabase.co/storage/v1/object/public/part-images/1791124836123_x4ry57b.jpg","4005-1-011-9006 (3).jpg","3"
"81","4005-1-011-9006",,,,,,"2026-10-04T14:40:31.56118+00:00","https://rkjnyexhnkiigvwnqvtx.supabase.co/storage/v1/object/public/part-images/1791124835362_ypxq98k.jpg","190","https://rkjnyexhnkiigvwnqvtx.supabase.co/storage/v1/object/public/part-images/1791124836389_8i69b7a.jpg","4005-1-011-9006 (4).jpg","4"
"81","4005-1-011-9006",,,,,,"2026-10-04T14:40:31.56118+00:00","https://rkjnyexhnkiigvwnqvtx.supabase.co/storage/v1/object/public/part-images/1791124835362_ypxq98k.jpg","191","https://rkjnyexhnkiigvwnqvtx.supabase.co/storage/v1/object/public/part-images/1791124835879_zow8gf5.jpg","4005-1-011-9006 (2).jpg","2"
"81","4005-1-011-9006",,,,,,"2026-10-04T14:40:31.56118+00:00","https://rkjnyexhnkiigvwnqvtx.supabase.co/storage/v1/object/public/part-images/1791124835362_ypxq98k.jpg","192","https://rkjnyexhnkiigvwnqvtx.supabase.co/storage/v1/object/public/part-images/1791124838115_p6reow5.jpg","4005-1-011-9006 (5).jpg","5"
"82","439004055",,,,,,"2026-10-04T14:40:31.56118+00:00","https://rkjnyexhnkiigvwnqvtx.supabase.co/storage/v1/object/public/part-images/1791124838299_jvr9n59.jpg","193","https://rkjnyexhnkiigvwnqvtx.supabase.co/storage/v1/object/public/part-images/1791124838299_jvr9n59.jpg","439004055.jpg","0"
"82","439004055",,,,,,"2026-10-04T14:40:31.56118+00:00","https://rkjnyexhnkiigvwnqvtx.supabase.co/storage/v1/object/public/part-images/1791124838299_jvr9n59.jpg","194","https://rkjnyexhnkiigvwnqvtx.supabase.co/storage/v1/object/public/part-images/1791124838347_lhluhbn.jpg","439004055 (1).jpg","1"
"82","439004055",,,,,,"2026-10-04T14:40:31.56118+00:00","https://rkjnyexhnkiigvwnqvtx.supabase.co/storage/v1/object/public/part-images/1791124838299_jvr9n59.jpg","195","https://rkjnyexhnkiigvwnqvtx.supabase.co/storage/v1/object/public/part-images/1791124838955_1lzapsd.jpg","439004055 (2).jpg","2"
"82","439004055",,,,,,"2026-10-04T14:40:31.56118+00:00","https://rkjnyexhnkiigvwnqvtx.supabase.co/storage/v1/object/public/part-images/1791124838299_jvr9n59.jpg","196","https://rkjnyexhnkiigvwnqvtx.supabase.co/storage/v1/object/public/part-images/1791124839027_36kpbng.jpg","439004055 (3).jpg","3"
"82","439004055",,,,,,"2026-10-04T14:40:31.56118+00:00","https://rkjnyexhnkiigvwnqvtx.supabase.co/storage/v1/object/public/part-images/1791124838299_jvr9n59.jpg","197","https://rkjnyexhnkiigvwnqvtx.supabase.co/storage/v1/object/public/part-images/1791124839268_cibsnrd.jpg","439004055 (4).jpg","4"
"83","4E5740-6",,,,,,"2026-10-04T14:40:31.56118+00:00","https://rkjnyexhnkiigvwnqvtx.supabase.co/storage/v1/object/public/part-images/1791124839655_8cwc8m1.jpg","198","https://rkjnyexhnkiigvwnqvtx.supabase.co/storage/v1/object/public/part-images/1791124839655_8cwc8m1.jpg","4E5740-6.jpg","0"
"83","4E5740-6",,,,,,"2026-10-04T14:40:31.56118+00:00","https://rkjnyexhnkiigvwnqvtx.supabase.co/storage/v1/object/public/part-images/1791124839655_8cwc8m1.jpg","199","https://rkjnyexhnkiigvwnqvtx.supabase.co/storage/v1/object/public/part-images/1791124839965_wd8wmtx.jpg","4E5740-6 (2).jpg","2"
"83","4E5740-6",,,,,,"2026-10-04T14:40:31.56118+00:00","https://rkjnyexhnkiigvwnqvtx.supabase.co/storage/v1/object/public/part-images/1791124839655_8cwc8m1.jpg","200","https://rkjnyexhnkiigvwnqvtx.supabase.co/storage/v1/object/public/part-images/1791124839985_e4jg18y.jpg","4E5740-6 (1).jpg","1"
"83","4E5740-6",,,,,,"2026-10-04T14:40:31.56118+00:00","https://rkjnyexhnkiigvwnqvtx.supabase.co/storage/v1/object/public/part-images/1791124839655_8cwc8m1.jpg","201","https://rkjnyexhnkiigvwnqvtx.supabase.co/storage/v1/object/public/part-images/1791124840278_h4m58cu.jpg","4E5740-6 (3).jpg","3"
"84","5500-C1A-BF23A",,,,,,"2026-10-04T14:40:31.56118+00:00","https://rkjnyexhnkiigvwnqvtx.supabase.co/storage/v1/object/public/part-images/1791124840612_iojwxcf.jpg","202","https://rkjnyexhnkiigvwnqvtx.supabase.co/storage/v1/object/public/part-images/1791124840612_iojwxcf.jpg","5500-C1A-BF23A.jpg","0"
"84","5500-C1A-BF23A",,,,,,"2026-10-04T14:40:31.56118+00:00","https://rkjnyexhnkiigvwnqvtx.supabase.co/storage/v1/object/public/part-images/1791124840612_iojwxcf.jpg","203","https://rkjnyexhnkiigvwnqvtx.supabase.co/storage/v1/object/public/part-images/1791124840753_hms4agn.jpg","5500-C1A-BF23A (1).jpg","1"
"84","5500-C1A-BF23A",,,,,,"2026-10-04T14:40:31.56118+00:00","https://rkjnyexhnkiigvwnqvtx.supabase.co/storage/v1/object/public/part-images/1791124840612_iojwxcf.jpg","204","https://rkjnyexhnkiigvwnqvtx.supabase.co/storage/v1/object/public/part-images/1791124841043_rqzzuju.jpg","5500-C1A-BF23A (2).jpg","2"
"84","5500-C1A-BF23A",,,,,,"2026-10-04T14:40:31.56118+00:00","https://rkjnyexhnkiigvwnqvtx.supabase.co/storage/v1/object/public/part-images/1791124840612_iojwxcf.jpg","205","https://rkjnyexhnkiigvwnqvtx.supabase.co/storage/v1/object/public/part-images/1791124841468_l9foe2j.jpg","5500-C1A-BF23A (3).jpg","3"
"84","5500-C1A-BF23A",,,,,,"2026-10-04T14:40:31.56118+00:00","https://rkjnyexhnkiigvwnqvtx.supabase.co/storage/v1/object/public/part-images/1791124840612_iojwxcf.jpg","206","https://rkjnyexhnkiigvwnqvtx.supabase.co/storage/v1/object/public/part-images/1791124841568_unr0sgf.jpg","5500-C1A-BF23A (4).jpg","4"
"84","5500-C1A-BF23A",,,,,,"2026-10-04T14:40:31.56118+00:00","https://rkjnyexhnkiigvwnqvtx.supabase.co/storage/v1/object/public/part-images/1791124840612_iojwxcf.jpg","207","https://rkjnyexhnkiigvwnqvtx.supabase.co/storage/v1/object/public/part-images/1791124841893_1dw7mnk.jpg","5500-C1A-BF23A (5).jpg","5"
"85","5500C1ABF23A",,,,,,"2026-10-04T14:40:31.56118+00:00","https://rkjnyexhnkiigvwnqvtx.supabase.co/storage/v1/object/public/part-images/1791124842258_ytch876.jpg","208","https://rkjnyexhnkiigvwnqvtx.supabase.co/storage/v1/object/public/part-images/1791124842258_ytch876.jpg","5500C1ABF23A.jpg","0"
"85","5500C1ABF23A",,,,,,"2026-10-04T14:40:31.56118+00:00","https://rkjnyexhnkiigvwnqvtx.supabase.co/storage/v1/object/public/part-images/1791124842258_ytch876.jpg","209","https://rkjnyexhnkiigvwnqvtx.supabase.co/storage/v1/object/public/part-images/1791124842364_dqroj46.jpg","5500C1ABF23A (1).jpg","1"
"85","5500C1ABF23A",,,,,,"2026-10-04T14:40:31.56118+00:00","https://rkjnyexhnkiigvwnqvtx.supabase.co/storage/v1/object/public/part-images/1791124842258_ytch876.jpg","210","https://rkjnyexhnkiigvwnqvtx.supabase.co/storage/v1/object/public/part-images/1791124842670_jk493in.jpg","5500C1ABF23A (2).jpg","2"
"85","5500C1ABF23A",,,,,,"2026-10-04T14:40:31.56118+00:00","https://rkjnyexhnkiigvwnqvtx.supabase.co/storage/v1/object/public/part-images/1791124842258_ytch876.jpg","211","https://rkjnyexhnkiigvwnqvtx.supabase.co/storage/v1/object/public/part-images/1791124843008_pnbwx3u.jpg","5500C1ABF23A (3).jpg","3"
"85","5500C1ABF23A",,,,,,"2026-10-04T14:40:31.56118+00:00","https://rkjnyexhnkiigvwnqvtx.supabase.co/storage/v1/object/public/part-images/1791124842258_ytch876.jpg","212","https://rkjnyexhnkiigvwnqvtx.supabase.co/storage/v1/object/public/part-images/1791124843109_9dndwdl.jpg","5500C1ABF23A (4).jpg","4"
"85","5500C1ABF23A",,,,,,"2026-10-04T14:40:31.56118+00:00","https://rkjnyexhnkiigvwnqvtx.supabase.co/storage/v1/object/public/part-images/1791124842258_ytch876.jpg","213","https://rkjnyexhnkiigvwnqvtx.supabase.co/storage/v1/object/public/part-images/1791124843622_qr0c1do.jpg","5500C1ABF23A (5).jpg","5"
"85","5500C1ABF23A",,,,,,"2026-10-04T14:40:31.56118+00:00","https://rkjnyexhnkiigvwnqvtx.supabase.co/storage/v1/object/public/part-images/1791124842258_ytch876.jpg","214","https://rkjnyexhnkiigvwnqvtx.supabase.co/storage/v1/object/public/part-images/1791124843839_c5c8mty.jpg","5500C1ABF23A (6).jpg","6"
"85","5500C1ABF23A",,,,,,"2026-10-04T14:40:31.56118+00:00","https://rkjnyexhnkiigvwnqvtx.supabase.co/storage/v1/object/public/part-images/1791124842258_ytch876.jpg","215","https://rkjnyexhnkiigvwnqvtx.supabase.co/storage/v1/object/public/part-images/1791124844219_hk001j7.jpg","5500C1ABF23A (7).jpg","7"
"85","5500C1ABF23A",,,,,,"2026-10-04T14:40:31.56118+00:00","https://rkjnyexhnkiigvwnqvtx.supabase.co/storage/v1/object/public/part-images/1791124842258_ytch876.jpg","216","https://rkjnyexhnkiigvwnqvtx.supabase.co/storage/v1/object/public/part-images/1791124844442_7pct9mw.jpg","5500C1ABF23A (8).jpg","8"
"86","61639-203",,,,,,"2026-10-04T14:40:31.56118+00:00","https://rkjnyexhnkiigvwnqvtx.supabase.co/storage/v1/object/public/part-images/1791124844685_4lumydp.jpg","217","https://rkjnyexhnkiigvwnqvtx.supabase.co/storage/v1/object/public/part-images/1791124844685_4lumydp.jpg","61639-203.jpg","0"
"86","61639-203",,,,,,"2026-10-04T14:40:31.56118+00:00","https://rkjnyexhnkiigvwnqvtx.supabase.co/storage/v1/object/public/part-images/1791124844685_4lumydp.jpg","218","https://rkjnyexhnkiigvwnqvtx.supabase.co/storage/v1/object/public/part-images/1791124845204_j083j28.jpg","61639-203 (1).jpg","1"
"86","61639-203",,,,,,"2026-10-04T14:40:31.56118+00:00","https://rkjnyexhnkiigvwnqvtx.supabase.co/storage/v1/object/public/part-images/1791124844685_4lumydp.jpg","219","https://rkjnyexhnkiigvwnqvtx.supabase.co/storage/v1/object/public/part-images/1791124845526_rrvmx6x.jpg","61639-203 (2).jpg","2"
"86","61639-203",,,,,,"2026-10-04T14:40:31.56118+00:00","https://rkjnyexhnkiigvwnqvtx.supabase.co/storage/v1/object/public/part-images/1791124844685_4lumydp.jpg","220","https://rkjnyexhnkiigvwnqvtx.supabase.co/storage/v1/object/public/part-images/1791124845542_bdkxkji.jpg","61639-203 (3).jpg","3"
"86","61639-203",,,,,,"2026-10-04T14:40:31.56118+00:00","https://rkjnyexhnkiigvwnqvtx.supabase.co/storage/v1/object/public/part-images/1791124844685_4lumydp.jpg","221","https://rkjnyexhnkiigvwnqvtx.supabase.co/storage/v1/object/public/part-images/1791124845978_7lc62ds.jpg","61639-203 (4).jpg","4"
"86","61639-203",,,,,,"2026-10-04T14:40:31.56118+00:00","https://rkjnyexhnkiigvwnqvtx.supabase.co/storage/v1/object/public/part-images/1791124844685_4lumydp.jpg","222","https://rkjnyexhnkiigvwnqvtx.supabase.co/storage/v1/object/public/part-images/1791124846413_9dlm5lv.jpg","61639-203 (5).jpg","5"
"86","61639-203",,,,,,"2026-10-04T14:40:31.56118+00:00","https://rkjnyexhnkiigvwnqvtx.supabase.co/storage/v1/object/public/part-images/1791124844685_4lumydp.jpg","223","https://rkjnyexhnkiigvwnqvtx.supabase.co/storage/v1/object/public/part-images/1791124846430_gokdayu.jpg","61639-203 (6).jpg","6"
"86","61639-203",,,,,,"2026-10-04T14:40:31.56118+00:00","https://rkjnyexhnkiigvwnqvtx.supabase.co/storage/v1/object/public/part-images/1791124844685_4lumydp.jpg","224","https://rkjnyexhnkiigvwnqvtx.supabase.co/storage/v1/object/public/part-images/1791124847018_txps6z0.jpg","61639-203 (7).jpg","7"
"86","61639-203",,,,,,"2026-10-04T14:40:31.56118+00:00","https://rkjnyexhnkiigvwnqvtx.supabase.co/storage/v1/object/public/part-images/1791124844685_4lumydp.jpg","225","https://rkjnyexhnkiigvwnqvtx.supabase.co/storage/v1/object/public/part-images/1791124847344_2kv57cg.jpg","61639-203 (8).jpg","8"
"86","61639-203",,,,,,"2026-10-04T14:40:31.56118+00:00","https://rkjnyexhnkiigvwnqvtx.supabase.co/storage/v1/object/public/part-images/1791124844685_4lumydp.jpg","226","https://rkjnyexhnkiigvwnqvtx.supabase.co/storage/v1/object/public/part-images/1791124847385_ki4ukw0.jpg","61639-203 (9).jpg","9"
"86","61639-203",,,,,,"2026-10-04T14:40:31.56118+00:00","https://rkjnyexhnkiigvwnqvtx.supabase.co/storage/v1/object/public/part-images/1791124844685_4lumydp.jpg","227","https://rkjnyexhnkiigvwnqvtx.supabase.co/storage/v1/object/public/part-images/1791124847808_qiopnkv.jpg","61639-203 (10).jpg","10"
"86","61639-203",,,,,,"2026-10-04T14:40:31.56118+00:00","https://rkjnyexhnkiigvwnqvtx.supabase.co/storage/v1/object/public/part-images/1791124844685_4lumydp.jpg","228","https://rkjnyexhnkiigvwnqvtx.supabase.co/storage/v1/object/public/part-images/1791124848285_d101ap8.jpg","61639-203 (12).jpg","12"
"86","61639-203",,,,,,"2026-10-04T14:40:31.56118+00:00","https://rkjnyexhnkiigvwnqvtx.supabase.co/storage/v1/object/public/part-images/1791124844685_4lumydp.jpg","229","https://rkjnyexhnkiigvwnqvtx.supabase.co/storage/v1/object/public/part-images/1791124848096_16xb6zc.jpg","61639-203 (11).jpg","11"
"86","61639-203",,,,,,"2026-10-04T14:40:31.56118+00:00","https://rkjnyexhnkiigvwnqvtx.supabase.co/storage/v1/object/public/part-images/1791124844685_4lumydp.jpg","230","https://rkjnyexhnkiigvwnqvtx.supabase.co/storage/v1/object/public/part-images/1791124848567_35jaqlm.jpg","61639-203 (13).jpg","13"
"86","61639-203",,,,,,"2026-10-04T14:40:31.56118+00:00","https://rkjnyexhnkiigvwnqvtx.supabase.co/storage/v1/object/public/part-images/1791124844685_4lumydp.jpg","231","https://rkjnyexhnkiigvwnqvtx.supabase.co/storage/v1/object/public/part-images/1791124849078_fwly8vh.jpg","61639-203 (14).jpg","14"
"87","9700-C1A-BF23A",,,,,,"2026-10-04T14:40:31.56118+00:00","https://rkjnyexhnkiigvwnqvtx.supabase.co/storage/v1/object/public/part-images/1791124849308_h0jgfil.jpg","232","https://rkjnyexhnkiigvwnqvtx.supabase.co/storage/v1/object/public/part-images/1791124849308_h0jgfil.jpg","9700-C1A-BF23A.jpg","0"
"87","9700-C1A-BF23A",,,,,,"2026-10-04T14:40:31.56118+00:00","https://rkjnyexhnkiigvwnqvtx.supabase.co/storage/v1/object/public/part-images/1791124849308_h0jgfil.jpg","233","https://rkjnyexhnkiigvwnqvtx.supabase.co/storage/v1/object/public/part-images/1791124849355_uz30vqv.jpg","9700-C1A-BF23A (1).jpg","1"
"87","9700-C1A-BF23A",,,,,,"2026-10-04T14:40:31.56118+00:00","https://rkjnyexhnkiigvwnqvtx.supabase.co/storage/v1/object/public/part-images/1791124849308_h0jgfil.jpg","234","https://rkjnyexhnkiigvwnqvtx.supabase.co/storage/v1/object/public/part-images/1791124849910_2kpw44j.jpg","9700-C1A-BF23A (2).jpg","2"
"87","9700-C1A-BF23A",,,,,,"2026-10-04T14:40:31.56118+00:00","https://rkjnyexhnkiigvwnqvtx.supabase.co/storage/v1/object/public/part-images/1791124849308_h0jgfil.jpg","235","https://rkjnyexhnkiigvwnqvtx.supabase.co/storage/v1/object/public/part-images/1791124850102_v3eki5x.jpg","9700-C1A-BF23A (3).jpg","3"
"87","9700-C1A-BF23A",,,,,,"2026-10-04T14:40:31.56118+00:00","https://rkjnyexhnkiigvwnqvtx.supabase.co/storage/v1/object/public/part-images/1791124849308_h0jgfil.jpg","236","https://rkjnyexhnkiigvwnqvtx.supabase.co/storage/v1/object/public/part-images/1791124850188_mcjskp4.jpg","9700-C1A-BF23A (4).jpg","4"
"87","9700-C1A-BF23A",,,,,,"2026-10-04T14:40:31.56118+00:00","https://rkjnyexhnkiigvwnqvtx.supabase.co/storage/v1/object/public/part-images/1791124849308_h0jgfil.jpg","237","https://rkjnyexhnkiigvwnqvtx.supabase.co/storage/v1/object/public/part-images/1791124850746_t2m2x1t.jpg","9700-C1A-BF23A (5).jpg","5"
"88","A225400207-210",,,,,,"2026-10-04T14:40:31.56118+00:00","https://rkjnyexhnkiigvwnqvtx.supabase.co/storage/v1/object/public/part-images/1791124850821_cgdql3s.jpg","238","https://rkjnyexhnkiigvwnqvtx.supabase.co/storage/v1/object/public/part-images/1791124850821_cgdql3s.jpg","A225400207-210.jpg","0"
"88","A225400207-210",,,,,,"2026-10-04T14:40:31.56118+00:00","https://rkjnyexhnkiigvwnqvtx.supabase.co/storage/v1/object/public/part-images/1791124850821_cgdql3s.jpg","239","https://rkjnyexhnkiigvwnqvtx.supabase.co/storage/v1/object/public/part-images/1791124851031_b055juc.jpg","A225400207-210 (1).jpg","1"
"89","AEROSHELLGREASE22 4X3KG",,,,,,"2026-10-04T14:40:31.56118+00:00","https://rkjnyexhnkiigvwnqvtx.supabase.co/storage/v1/object/public/part-images/1791124851453_kxjpuur.jpg","240","https://rkjnyexhnkiigvwnqvtx.supabase.co/storage/v1/object/public/part-images/1791124851453_kxjpuur.jpg","AEROSHELLGREASE22 4X3KG.jpg","0"
"89","AEROSHELLGREASE22 4X3KG",,,,,,"2026-10-04T14:40:31.56118+00:00","https://rkjnyexhnkiigvwnqvtx.supabase.co/storage/v1/object/public/part-images/1791124851453_kxjpuur.jpg","241","https://rkjnyexhnkiigvwnqvtx.supabase.co/storage/v1/object/public/part-images/1791124851644_rgzu6s1.jpg","AEROSHELLGREASE22 4X3KG (1).jpg","1"
"89","AEROSHELLGREASE22 4X3KG",,,,,,"2026-10-04T14:40:31.56118+00:00","https://rkjnyexhnkiigvwnqvtx.supabase.co/storage/v1/object/public/part-images/1791124851453_kxjpuur.jpg","242","https://rkjnyexhnkiigvwnqvtx.supabase.co/storage/v1/object/public/part-images/1791124851780_b17fe03.jpg","AEROSHELLGREASE22 4X3KG (2).jpg","2"
"89","AEROSHELLGREASE22 4X3KG",,,,,,"2026-10-04T14:40:31.56118+00:00","https://rkjnyexhnkiigvwnqvtx.supabase.co/storage/v1/object/public/part-images/1791124851453_kxjpuur.jpg","243","https://rkjnyexhnkiigvwnqvtx.supabase.co/storage/v1/object/public/part-images/1791124852117_bxomn7o.jpg","AEROSHELLGREASE22 4X3KG (3).jpg","3"
"89","AEROSHELLGREASE22 4X3KG",,,,,,"2026-10-04T14:40:31.56118+00:00","https://rkjnyexhnkiigvwnqvtx.supabase.co/storage/v1/object/public/part-images/1791124851453_kxjpuur.jpg","244","https://rkjnyexhnkiigvwnqvtx.supabase.co/storage/v1/object/public/part-images/1791124852372_zs7e5h1.jpg","AEROSHELLGREASE22 4X3KG (4).jpg","4"
"89","AEROSHELLGREASE22 4X3KG",,,,,,"2026-10-04T14:40:31.56118+00:00","https://rkjnyexhnkiigvwnqvtx.supabase.co/storage/v1/object/public/part-images/1791124851453_kxjpuur.jpg","245","https://rkjnyexhnkiigvwnqvtx.supabase.co/storage/v1/object/public/part-images/1791124852526_qb9os49.jpg","AEROSHELLGREASE22 4X3KG (5).jpg","5"
"89","AEROSHELLGREASE22 4X3KG",,,,,,"2026-10-04T14:40:31.56118+00:00","https://rkjnyexhnkiigvwnqvtx.supabase.co/storage/v1/object/public/part-images/1791124851453_kxjpuur.jpg","246","https://rkjnyexhnkiigvwnqvtx.supabase.co/storage/v1/object/public/part-images/1791124852830_gm94j6p.jpg","AEROSHELLGREASE22 4X3KG (6).jpg","6"
"89","AEROSHELLGREASE22 4X3KG",,,,,,"2026-10-04T14:40:31.56118+00:00","https://rkjnyexhnkiigvwnqvtx.supabase.co/storage/v1/object/public/part-images/1791124851453_kxjpuur.jpg","247","https://rkjnyexhnkiigvwnqvtx.supabase.co/storage/v1/object/public/part-images/1791124853261_50i44e6.jpg","AEROSHELLGREASE22 4X3KG (7).jpg","7"
"89","AEROSHELLGREASE22 4X3KG",,,,,,"2026-10-04T14:40:31.56118+00:00","https://rkjnyexhnkiigvwnqvtx.supabase.co/storage/v1/object/public/part-images/1791124851453_kxjpuur.jpg","248","https://rkjnyexhnkiigvwnqvtx.supabase.co/storage/v1/object/public/part-images/1791124853314_xqu3ue3.jpg","AEROSHELLGREASE22 4X3KG (8).jpg","8"
"89","AEROSHELLGREASE22 4X3KG",,,,,,"2026-10-04T14:40:31.56118+00:00","https://rkjnyexhnkiigvwnqvtx.supabase.co/storage/v1/object/public/part-images/1791124851453_kxjpuur.jpg","249","https://rkjnyexhnkiigvwnqvtx.supabase.co/storage/v1/object/public/part-images/1791124853559_666eokr.jpg","AEROSHELLGREASE22 4X3KG (9).jpg","9"
"89","AEROSHELLGREASE22 4X3KG",,,,,,"2026-10-04T14:40:31.56118+00:00","https://rkjnyexhnkiigvwnqvtx.supabase.co/storage/v1/object/public/part-images/1791124851453_kxjpuur.jpg","250","https://rkjnyexhnkiigvwnqvtx.supabase.co/storage/v1/object/public/part-images/1791124854016_nqk7xb3.jpg","AEROSHELLGREASE22 4X3KG (10).jpg","10"
"89","AEROSHELLGREASE22 4X3KG",,,,,,"2026-10-04T14:40:31.56118+00:00","https://rkjnyexhnkiigvwnqvtx.supabase.co/storage/v1/object/public/part-images/1791124851453_kxjpuur.jpg","251","https://rkjnyexhnkiigvwnqvtx.supabase.co/storage/v1/object/public/part-images/1791124854329_2ya3443.jpg","AEROSHELLGREASE22 4X3KG (11).jpg","11"
"89","AEROSHELLGREASE22 4X3KG",,,,,,"2026-10-04T14:40:31.56118+00:00","https://rkjnyexhnkiigvwnqvtx.supabase.co/storage/v1/object/public/part-images/1791124851453_kxjpuur.jpg","252","https://rkjnyexhnkiigvwnqvtx.supabase.co/storage/v1/object/public/part-images/1791124854435_hmb1izz.jpg","AEROSHELLGREASE22 4X3KG (12).jpg","12"
"89","AEROSHELLGREASE22 4X3KG",,,,,,"2026-10-04T14:40:31.56118+00:00","https://rkjnyexhnkiigvwnqvtx.supabase.co/storage/v1/object/public/part-images/1791124851453_kxjpuur.jpg","253","https://rkjnyexhnkiigvwnqvtx.supabase.co/storage/v1/object/public/part-images/1791124855207_lt2r6vf.jpg","AEROSHELLGREASE22 4X3KG (13).jpg","13"
"89","AEROSHELLGREASE22 4X3KG",,,,,,"2026-10-04T14:40:31.56118+00:00","https://rkjnyexhnkiigvwnqvtx.supabase.co/storage/v1/object/public/part-images/1791124851453_kxjpuur.jpg","254","https://rkjnyexhnkiigvwnqvtx.supabase.co/storage/v1/object/public/part-images/1791124855732_c3z9bzb.jpg","AEROSHELLGREASE22 4X3KG (14).jpg","14"
"89","AEROSHELLGREASE22 4X3KG",,,,,,"2026-10-04T14:40:31.56118+00:00","https://rkjnyexhnkiigvwnqvtx.supabase.co/storage/v1/object/public/part-images/1791124851453_kxjpuur.jpg","255","https://rkjnyexhnkiigvwnqvtx.supabase.co/storage/v1/object/public/part-images/1791124855771_3qe2ml4.jpg","AEROSHELLGREASE22 4X3KG (15).jpg","15"
"89","AEROSHELLGREASE22 4X3KG",,,,,,"2026-10-04T14:40:31.56118+00:00","https://rkjnyexhnkiigvwnqvtx.supabase.co/storage/v1/object/public/part-images/1791124851453_kxjpuur.jpg","256","https://rkjnyexhnkiigvwnqvtx.supabase.co/storage/v1/object/public/part-images/1791124856555_iqva014.jpg","AEROSHELLGREASE22 4X3KG (16).jpg","16"
"89","AEROSHELLGREASE22 4X3KG",,,,,,"2026-10-04T14:40:31.56118+00:00","https://rkjnyexhnkiigvwnqvtx.supabase.co/storage/v1/object/public/part-images/1791124851453_kxjpuur.jpg","257","https://rkjnyexhnkiigvwnqvtx.supabase.co/storage/v1/object/public/part-images/1791124856944_u7tudrc.jpg","AEROSHELLGREASE22 4X3KG (17).jpg","17"
"89","AEROSHELLGREASE22 4X3KG",,,,,,"2026-10-04T14:40:31.56118+00:00","https://rkjnyexhnkiigvwnqvtx.supabase.co/storage/v1/object/public/part-images/1791124851453_kxjpuur.jpg","258","https://rkjnyexhnkiigvwnqvtx.supabase.co/storage/v1/object/public/part-images/1791124857083_y2y3j9m.jpg","AEROSHELLGREASE22 4X3KG (18).jpg","18"
"89","AEROSHELLGREASE22 4X3KG",,,,,,"2026-10-04T14:40:31.56118+00:00","https://rkjnyexhnkiigvwnqvtx.supabase.co/storage/v1/object/public/part-images/1791124851453_kxjpuur.jpg","259","https://rkjnyexhnkiigvwnqvtx.supabase.co/storage/v1/object/public/part-images/1791124857509_gri0cid.jpg","AEROSHELLGREASE22 4X3KG (19).jpg","19"
"90","AMBERSIL AMBERCLENS",,,,,,"2026-10-04T14:40:31.56118+00:00","https://rkjnyexhnkiigvwnqvtx.supabase.co/storage/v1/object/public/part-images/1791124857742_wi6xev3.jpg","260","https://rkjnyexhnkiigvwnqvtx.supabase.co/storage/v1/object/public/part-images/1791124857742_wi6xev3.jpg","AMBERSIL AMBERCLENS.jpg","0"
"90","AMBERSIL AMBERCLENS",,,,,,"2026-10-04T14:40:31.56118+00:00","https://rkjnyexhnkiigvwnqvtx.supabase.co/storage/v1/object/public/part-images/1791124857742_wi6xev3.jpg","261","https://rkjnyexhnkiigvwnqvtx.supabase.co/storage/v1/object/public/part-images/1791124857854_j3ncd3r.jpg","AMBERSIL AMBERCLENS (1).jpg","1"
"90","AMBERSIL AMBERCLENS",,,,,,"2026-10-04T14:40:31.56118+00:00","https://rkjnyexhnkiigvwnqvtx.supabase.co/storage/v1/object/public/part-images/1791124857742_wi6xev3.jpg","262","https://rkjnyexhnkiigvwnqvtx.supabase.co/storage/v1/object/public/part-images/1791124858282_55twv9e.jpg","AMBERSIL AMBERCLENS (2).jpg","2"
"90","AMBERSIL AMBERCLENS",,,,,,"2026-10-04T14:40:31.56118+00:00","https://rkjnyexhnkiigvwnqvtx.supabase.co/storage/v1/object/public/part-images/1791124857742_wi6xev3.jpg","263","https://rkjnyexhnkiigvwnqvtx.supabase.co/storage/v1/object/public/part-images/1791124858457_nia0uww.jpg","AMBERSIL AMBERCLENS (3).jpg","3"
"90","AMBERSIL AMBERCLENS",,,,,,"2026-10-04T14:40:31.56118+00:00","https://rkjnyexhnkiigvwnqvtx.supabase.co/storage/v1/object/public/part-images/1791124857742_wi6xev3.jpg","264","https://rkjnyexhnkiigvwnqvtx.supabase.co/storage/v1/object/public/part-images/1791124858575_nm28ewc.jpg","AMBERSIL AMBERCLENS (4).jpg","4"
"90","AMBERSIL AMBERCLENS",,,,,,"2026-10-04T14:40:31.56118+00:00","https://rkjnyexhnkiigvwnqvtx.supabase.co/storage/v1/object/public/part-images/1791124857742_wi6xev3.jpg","265","https://rkjnyexhnkiigvwnqvtx.supabase.co/storage/v1/object/public/part-images/1791124859039_3sox87q.jpg","AMBERSIL AMBERCLENS (5).jpg","5"
"90","AMBERSIL AMBERCLENS",,,,,,"2026-10-04T14:40:31.56118+00:00","https://rkjnyexhnkiigvwnqvtx.supabase.co/storage/v1/object/public/part-images/1791124857742_wi6xev3.jpg","266","https://rkjnyexhnkiigvwnqvtx.supabase.co/storage/v1/object/public/part-images/1791124859325_kjlcchl.jpg","AMBERSIL AMBERCLENS (7).jpg","7"
"90","AMBERSIL AMBERCLENS",,,,,,"2026-10-04T14:40:31.56118+00:00","https://rkjnyexhnkiigvwnqvtx.supabase.co/storage/v1/object/public/part-images/1791124857742_wi6xev3.jpg","267","https://rkjnyexhnkiigvwnqvtx.supabase.co/storage/v1/object/public/part-images/1791124859232_pv7gyne.jpg","AMBERSIL AMBERCLENS (6).jpg","6"
"90","AMBERSIL AMBERCLENS",,,,,,"2026-10-04T14:40:31.56118+00:00","https://rkjnyexhnkiigvwnqvtx.supabase.co/storage/v1/object/public/part-images/1791124857742_wi6xev3.jpg","268","https://rkjnyexhnkiigvwnqvtx.supabase.co/storage/v1/object/public/part-images/1791124860046_du1x21i.jpg","AMBERSIL AMBERCLENS (9).jpg","9"
"90","AMBERSIL AMBERCLENS",,,,,,"2026-10-04T14:40:31.56118+00:00","https://rkjnyexhnkiigvwnqvtx.supabase.co/storage/v1/object/public/part-images/1791124857742_wi6xev3.jpg","269","https://rkjnyexhnkiigvwnqvtx.supabase.co/storage/v1/object/public/part-images/1791124860187_4dfawyy.jpg","AMBERSIL AMBERCLENS (10).jpg","10"
"90","AMBERSIL AMBERCLENS",,,,,,"2026-10-04T14:40:31.56118+00:00","https://rkjnyexhnkiigvwnqvtx.supabase.co/storage/v1/object/public/part-images/1791124857742_wi6xev3.jpg","270","https://rkjnyexhnkiigvwnqvtx.supabase.co/storage/v1/object/public/part-images/1791124859824_rfkjuyq.jpg","AMBERSIL AMBERCLENS (8).jpg","8"
"90","AMBERSIL AMBERCLENS",,,,,,"2026-10-04T14:40:31.56118+00:00","https://rkjnyexhnkiigvwnqvtx.supabase.co/storage/v1/object/public/part-images/1791124857742_wi6xev3.jpg","271","https://rkjnyexhnkiigvwnqvtx.supabase.co/storage/v1/object/public/part-images/1791124860769_0v9pi9c.jpg","AMBERSIL AMBERCLENS (11).jpg","11"
"91","AMS5687-032INCH",,,,,,"2026-10-04T14:40:31.56118+00:00","https://rkjnyexhnkiigvwnqvtx.supabase.co/storage/v1/object/public/part-images/1791124860873_vy1zsn8.jpg","272","https://rkjnyexhnkiigvwnqvtx.supabase.co/storage/v1/object/public/part-images/1791124860884_ucx8c5p.jpg","AMS5687-032INCH (1).jpg","1"
"91","AMS5687-032INCH",,,,,,"2026-10-04T14:40:31.56118+00:00","https://rkjnyexhnkiigvwnqvtx.supabase.co/storage/v1/object/public/part-images/1791124860873_vy1zsn8.jpg","273","https://rkjnyexhnkiigvwnqvtx.supabase.co/storage/v1/object/public/part-images/1791124860873_vy1zsn8.jpg","AMS5687-032INCH.jpg","0"
"91","AMS5687-032INCH",,,,,,"2026-10-04T14:40:31.56118+00:00","https://rkjnyexhnkiigvwnqvtx.supabase.co/storage/v1/object/public/part-images/1791124860873_vy1zsn8.jpg","274","https://rkjnyexhnkiigvwnqvtx.supabase.co/storage/v1/object/public/part-images/1791124861797_kgt6gmf.jpg","AMS5687-032INCH (2).jpg","2"
"91","AMS5687-032INCH",,,,,,"2026-10-04T14:40:31.56118+00:00","https://rkjnyexhnkiigvwnqvtx.supabase.co/storage/v1/object/public/part-images/1791124860873_vy1zsn8.jpg","275","https://rkjnyexhnkiigvwnqvtx.supabase.co/storage/v1/object/public/part-images/1791124861860_2iki0bs.jpg","AMS5687-032INCH (3).jpg","3"
"92","BA24320A-1",,,,,,"2026-10-04T14:40:31.56118+00:00","https://rkjnyexhnkiigvwnqvtx.supabase.co/storage/v1/object/public/part-images/1791124861970_616abp7.jpg","276","https://rkjnyexhnkiigvwnqvtx.supabase.co/storage/v1/object/public/part-images/1791124861970_616abp7.jpg","BA24320A-1.jpg","0"
"92","BA24320A-1",,,,,,"2026-10-04T14:40:31.56118+00:00","https://rkjnyexhnkiigvwnqvtx.supabase.co/storage/v1/object/public/part-images/1791124861970_616abp7.jpg","277","https://rkjnyexhnkiigvwnqvtx.supabase.co/storage/v1/object/public/part-images/1791124862432_g98z6ne.jpg","BA24320A-1 (1).jpg","1"
"92","BA24320A-1",,,,,,"2026-10-04T14:40:31.56118+00:00","https://rkjnyexhnkiigvwnqvtx.supabase.co/storage/v1/object/public/part-images/1791124861970_616abp7.jpg","278","https://rkjnyexhnkiigvwnqvtx.supabase.co/storage/v1/object/public/part-images/1791124862608_wtc9r3t.jpg","BA24320A-1 (2).jpg","2"
"92","BA24320A-1",,,,,,"2026-10-04T14:40:31.56118+00:00","https://rkjnyexhnkiigvwnqvtx.supabase.co/storage/v1/object/public/part-images/1791124861970_616abp7.jpg","279","https://rkjnyexhnkiigvwnqvtx.supabase.co/storage/v1/object/public/part-images/1791124862810_wrxrx7a.jpg","BA24320A-1 (3).jpg","3"
"92","BA24320A-1",,,,,,"2026-10-04T14:40:31.56118+00:00","https://rkjnyexhnkiigvwnqvtx.supabase.co/storage/v1/object/public/part-images/1791124861970_616abp7.jpg","280","https://rkjnyexhnkiigvwnqvtx.supabase.co/storage/v1/object/public/part-images/1791124863138_sulj6dj.jpg","BA24320A-1 (4).jpg","4"
"92","BA24320A-1",,,,,,"2026-10-04T14:40:31.56118+00:00","https://rkjnyexhnkiigvwnqvtx.supabase.co/storage/v1/object/public/part-images/1791124861970_616abp7.jpg","281","https://rkjnyexhnkiigvwnqvtx.supabase.co/storage/v1/object/public/part-images/1791124863313_0bevpjn.jpg","BA24320A-1 (5).jpg","5"
"92","BA24320A-1",,,,,,"2026-10-04T14:40:31.56118+00:00","https://rkjnyexhnkiigvwnqvtx.supabase.co/storage/v1/object/public/part-images/1791124861970_616abp7.jpg","282","https://rkjnyexhnkiigvwnqvtx.supabase.co/storage/v1/object/public/part-images/1791124863548_2anmvh4.jpg","BA24320A-1 (6).jpg","6"
"92","BA24320A-1",,,,,,"2026-10-04T14:40:31.56118+00:00","https://rkjnyexhnkiigvwnqvtx.supabase.co/storage/v1/object/public/part-images/1791124861970_616abp7.jpg","283","https://rkjnyexhnkiigvwnqvtx.supabase.co/storage/v1/object/public/part-images/1791124863855_ssynq2y.jpg","BA24320A-1 (7).jpg","7"
"93","D2527114720000",,,,,,"2026-10-04T14:40:31.56118+00:00","https://rkjnyexhnkiigvwnqvtx.supabase.co/storage/v1/object/public/part-images/1791124864337_vhjvwgo.jpg","284","https://rkjnyexhnkiigvwnqvtx.supabase.co/storage/v1/object/public/part-images/1791124864337_vhjvwgo.jpg","D2527114720000.jpg","0"
"93","D2527114720000",,,,,,"2026-10-04T14:40:31.56118+00:00","https://rkjnyexhnkiigvwnqvtx.supabase.co/storage/v1/object/public/part-images/1791124864337_vhjvwgo.jpg","285","https://rkjnyexhnkiigvwnqvtx.supabase.co/storage/v1/object/public/part-images/1791124864744_hp47oy2.jpg","D2527114720000 (1).jpg","1"
"93","D2527114720000",,,,,,"2026-10-04T14:40:31.56118+00:00","https://rkjnyexhnkiigvwnqvtx.supabase.co/storage/v1/object/public/part-images/1791124864337_vhjvwgo.jpg","286","https://rkjnyexhnkiigvwnqvtx.supabase.co/storage/v1/object/public/part-images/1791124864973_u4bd6xq.jpg","D2527114720000 (2).jpg","2"
"93","D2527114720000",,,,,,"2026-10-04T14:40:31.56118+00:00","https://rkjnyexhnkiigvwnqvtx.supabase.co/storage/v1/object/public/part-images/1791124864337_vhjvwgo.jpg","287","https://rkjnyexhnkiigvwnqvtx.supabase.co/storage/v1/object/public/part-images/1791124865159_c9dhoye.jpg","D2527114720000 (3).jpg","3"
"94","D2529186000000",,,,,,"2026-10-04T14:40:31.56118+00:00","https://rkjnyexhnkiigvwnqvtx.supabase.co/storage/v1/object/public/part-images/1791124865603_m075rwd.jpg","288","https://rkjnyexhnkiigvwnqvtx.supabase.co/storage/v1/object/public/part-images/1791124865603_m075rwd.jpg","D2529186000000.jpg","0"
"94","D2529186000000",,,,,,"2026-10-04T14:40:31.56118+00:00","https://rkjnyexhnkiigvwnqvtx.supabase.co/storage/v1/object/public/part-images/1791124865603_m075rwd.jpg","289","https://rkjnyexhnkiigvwnqvtx.supabase.co/storage/v1/object/public/part-images/1791124865943_mfx9910.jpg","D2529186000000 (1).jpg","1"
"94","D2529186000000",,,,,,"2026-10-04T14:40:31.56118+00:00","https://rkjnyexhnkiigvwnqvtx.supabase.co/storage/v1/object/public/part-images/1791124865603_m075rwd.jpg","290","https://rkjnyexhnkiigvwnqvtx.supabase.co/storage/v1/object/public/part-images/1791124865990_1u2nuus.jpg","D2529186000000 (2).jpg","2"
"94","D2529186000000",,,,,,"2026-10-04T14:40:31.56118+00:00","https://rkjnyexhnkiigvwnqvtx.supabase.co/storage/v1/object/public/part-images/1791124865603_m075rwd.jpg","291","https://rkjnyexhnkiigvwnqvtx.supabase.co/storage/v1/object/public/part-images/1791124866391_wmhj5hw.jpg","D2529186000000 (3).jpg","3"
"95","DIESTONE-DLS-20LT",,,,,,"2026-10-04T14:40:31.56118+00:00","https://rkjnyexhnkiigvwnqvtx.supabase.co/storage/v1/object/public/part-images/1791124866899_6mq1mru.jpg","292","https://rkjnyexhnkiigvwnqvtx.supabase.co/storage/v1/object/public/part-images/1791124866880_8b1i9qw.jpg","DIESTONE-DLS-20LT (1).jpg","1"
"95","DIESTONE-DLS-20LT",,,,,,"2026-10-04T14:40:31.56118+00:00","https://rkjnyexhnkiigvwnqvtx.supabase.co/storage/v1/object/public/part-images/1791124866899_6mq1mru.jpg","293","https://rkjnyexhnkiigvwnqvtx.supabase.co/storage/v1/object/public/part-images/1791124866899_6mq1mru.jpg","DIESTONE-DLS-20LT.jpg","0"
"95","DIESTONE-DLS-20LT",,,,,,"2026-10-04T14:40:31.56118+00:00","https://rkjnyexhnkiigvwnqvtx.supabase.co/storage/v1/object/public/part-images/1791124866899_6mq1mru.jpg","294","https://rkjnyexhnkiigvwnqvtx.supabase.co/storage/v1/object/public/part-images/1791124867302_ta7l1hy.jpg","DIESTONE-DLS-20LT (2).jpg","2"
"95","DIESTONE-DLS-20LT",,,,,,"2026-10-04T14:40:31.56118+00:00","https://rkjnyexhnkiigvwnqvtx.supabase.co/storage/v1/object/public/part-images/1791124866899_6mq1mru.jpg","295","https://rkjnyexhnkiigvwnqvtx.supabase.co/storage/v1/object/public/part-images/1791124867677_u0k7ldm.jpg","DIESTONE-DLS-20LT (3).jpg","3"
"96","FA259-50400-004",,,,,,"2026-10-04T14:40:31.56118+00:00","https://rkjnyexhnkiigvwnqvtx.supabase.co/storage/v1/object/public/part-images/1791124867819_4ovdzqy.jpg","296","https://rkjnyexhnkiigvwnqvtx.supabase.co/storage/v1/object/public/part-images/1791124867819_4ovdzqy.jpg","FA259-50400-004.jpg","0"
"96","FA259-50400-004",,,,,,"2026-10-04T14:40:31.56118+00:00","https://rkjnyexhnkiigvwnqvtx.supabase.co/storage/v1/object/public/part-images/1791124867819_4ovdzqy.jpg","297","https://rkjnyexhnkiigvwnqvtx.supabase.co/storage/v1/object/public/part-images/1791124868258_0keys89.jpg","FA259-50400-004 (1).jpg","1"
"96","FA259-50400-004",,,,,,"2026-10-04T14:40:31.56118+00:00","https://rkjnyexhnkiigvwnqvtx.supabase.co/storage/v1/object/public/part-images/1791124867819_4ovdzqy.jpg","298","https://rkjnyexhnkiigvwnqvtx.supabase.co/storage/v1/object/public/part-images/1791124868588_43b22al.jpg","FA259-50400-004 (2).jpg","2"
"97","L0CTITE242",,,,,,"2026-10-04T14:40:31.56118+00:00","https://rkjnyexhnkiigvwnqvtx.supabase.co/storage/v1/object/public/part-images/1791124868689_5b0mygc.jpg","299","https://rkjnyexhnkiigvwnqvtx.supabase.co/storage/v1/object/public/part-images/1791124868689_5b0mygc.jpg","L0CTITE242.jpg","0"
"97","L0CTITE242",,,,,,"2026-10-04T14:40:31.56118+00:00","https://rkjnyexhnkiigvwnqvtx.supabase.co/storage/v1/object/public/part-images/1791124868689_5b0mygc.jpg","300","https://rkjnyexhnkiigvwnqvtx.supabase.co/storage/v1/object/public/part-images/1791124869225_ydmatnx.jpg","L0CTITE242 (1).jpg","1"
"97","L0CTITE242",,,,,,"2026-10-04T14:40:31.56118+00:00","https://rkjnyexhnkiigvwnqvtx.supabase.co/storage/v1/object/public/part-images/1791124868689_5b0mygc.jpg","301","https://rkjnyexhnkiigvwnqvtx.supabase.co/storage/v1/object/public/part-images/1791124869462_4da19vb.jpg","L0CTITE242 (2).jpg","2"
"97","L0CTITE242",,,,,,"2026-10-04T14:40:31.56118+00:00","https://rkjnyexhnkiigvwnqvtx.supabase.co/storage/v1/object/public/part-images/1791124868689_5b0mygc.jpg","302","https://rkjnyexhnkiigvwnqvtx.supabase.co/storage/v1/object/public/part-images/1791124869532_cyg5ubl.jpg","L0CTITE242 (3).jpg","3"
"97","L0CTITE242",,,,,,"2026-10-04T14:40:31.56118+00:00","https://rkjnyexhnkiigvwnqvtx.supabase.co/storage/v1/object/public/part-images/1791124868689_5b0mygc.jpg","303","https://rkjnyexhnkiigvwnqvtx.supabase.co/storage/v1/object/public/part-images/1791124869866_44rjvj4.jpg","L0CTITE242 (4).jpg","4"
"97","L0CTITE242",,,,,,"2026-10-04T14:40:31.56118+00:00","https://rkjnyexhnkiigvwnqvtx.supabase.co/storage/v1/object/public/part-images/1791124868689_5b0mygc.jpg","304","https://rkjnyexhnkiigvwnqvtx.supabase.co/storage/v1/object/public/part-images/1791124870130_vq79tue.jpg","L0CTITE242 (5).jpg","5"
"97","L0CTITE242",,,,,,"2026-10-04T14:40:31.56118+00:00","https://rkjnyexhnkiigvwnqvtx.supabase.co/storage/v1/object/public/part-images/1791124868689_5b0mygc.jpg","305","https://rkjnyexhnkiigvwnqvtx.supabase.co/storage/v1/object/public/part-images/1791124870329_vg9tfqu.jpg","L0CTITE242 (6).jpg","6"
"97","L0CTITE242",,,,,,"2026-10-04T14:40:31.56118+00:00","https://rkjnyexhnkiigvwnqvtx.supabase.co/storage/v1/object/public/part-images/1791124868689_5b0mygc.jpg","306","https://rkjnyexhnkiigvwnqvtx.supabase.co/storage/v1/object/public/part-images/1791124870499_aje87z0.jpg","L0CTITE242 (7).jpg","7"
"97","L0CTITE242",,,,,,"2026-10-04T14:40:31.56118+00:00","https://rkjnyexhnkiigvwnqvtx.supabase.co/storage/v1/object/public/part-images/1791124868689_5b0mygc.jpg","307","https://rkjnyexhnkiigvwnqvtx.supabase.co/storage/v1/object/public/part-images/1791124870817_llv1y60.jpg","L0CTITE242 (8).jpg","8"
"97","L0CTITE242",,,,,,"2026-10-04T14:40:31.56118+00:00","https://rkjnyexhnkiigvwnqvtx.supabase.co/storage/v1/object/public/part-images/1791124868689_5b0mygc.jpg","308","https://rkjnyexhnkiigvwnqvtx.supabase.co/storage/v1/object/public/part-images/1791124871027_0o8oz85.jpg","L0CTITE242 (9).jpg","9"
"97","L0CTITE242",,,,,,"2026-10-04T14:40:31.56118+00:00","https://rkjnyexhnkiigvwnqvtx.supabase.co/storage/v1/object/public/part-images/1791124868689_5b0mygc.jpg","309","https://rkjnyexhnkiigvwnqvtx.supabase.co/storage/v1/object/public/part-images/1791124871261_sj91y74.jpg","L0CTITE242 (10).jpg","10"
"97","L0CTITE242",,,,,,"2026-10-04T14:40:31.56118+00:00","https://rkjnyexhnkiigvwnqvtx.supabase.co/storage/v1/object/public/part-images/1791124868689_5b0mygc.jpg","310","https://rkjnyexhnkiigvwnqvtx.supabase.co/storage/v1/object/public/part-images/1791124871542_1xksey0.jpg","L0CTITE242 (11).jpg","11"
"97","L0CTITE242",,,,,,"2026-10-04T14:40:31.56118+00:00","https://rkjnyexhnkiigvwnqvtx.supabase.co/storage/v1/object/public/part-images/1791124868689_5b0mygc.jpg","311","https://rkjnyexhnkiigvwnqvtx.supabase.co/storage/v1/object/public/part-images/1791124871778_76uoal0.jpg","L0CTITE242 (12).jpg","12"
"98","LIFSIZBEZ",,,,,,"2026-10-04T14:40:31.56118+00:00","https://rkjnyexhnkiigvwnqvtx.supabase.co/storage/v1/object/public/part-images/1791124872091_gcqa6zr.jpg","312","https://rkjnyexhnkiigvwnqvtx.supabase.co/storage/v1/object/public/part-images/1791124872091_gcqa6zr.jpg","LIFSIZBEZ.jpg","0"
"98","LIFSIZBEZ",,,,,,"2026-10-04T14:40:31.56118+00:00","https://rkjnyexhnkiigvwnqvtx.supabase.co/storage/v1/object/public/part-images/1791124872091_gcqa6zr.jpg","313","https://rkjnyexhnkiigvwnqvtx.supabase.co/storage/v1/object/public/part-images/1791124872332_o6t6fs5.jpg","LIFSIZBEZ (1).jpg","1"
"98","LIFSIZBEZ",,,,,,"2026-10-04T14:40:31.56118+00:00","https://rkjnyexhnkiigvwnqvtx.supabase.co/storage/v1/object/public/part-images/1791124872091_gcqa6zr.jpg","314","https://rkjnyexhnkiigvwnqvtx.supabase.co/storage/v1/object/public/part-images/1791124872577_90i8maa.jpg","LIFSIZBEZ (2).jpg","2"
"98","LIFSIZBEZ",,,,,,"2026-10-04T14:40:31.56118+00:00","https://rkjnyexhnkiigvwnqvtx.supabase.co/storage/v1/object/public/part-images/1791124872091_gcqa6zr.jpg","315","https://rkjnyexhnkiigvwnqvtx.supabase.co/storage/v1/object/public/part-images/1791124873088_bswcr9p.jpg","LIFSIZBEZ (3).jpg","3"
"98","LIFSIZBEZ",,,,,,"2026-10-04T14:40:31.56118+00:00","https://rkjnyexhnkiigvwnqvtx.supabase.co/storage/v1/object/public/part-images/1791124872091_gcqa6zr.jpg","316","https://rkjnyexhnkiigvwnqvtx.supabase.co/storage/v1/object/public/part-images/1791124873339_grnsnve.jpg","LIFSIZBEZ (4).jpg","4"
"98","LIFSIZBEZ",,,,,,"2026-10-04T14:40:31.56118+00:00","https://rkjnyexhnkiigvwnqvtx.supabase.co/storage/v1/object/public/part-images/1791124872091_gcqa6zr.jpg","317","https://rkjnyexhnkiigvwnqvtx.supabase.co/storage/v1/object/public/part-images/1791124873660_q5n6ogw.jpg","LIFSIZBEZ (5).jpg","5"
"99","MC780C-2",,,,,,"2026-10-04T14:40:31.56118+00:00","https://rkjnyexhnkiigvwnqvtx.supabase.co/storage/v1/object/public/part-images/1791124873857_vxz9c0g.jpg","318","https://rkjnyexhnkiigvwnqvtx.supabase.co/storage/v1/object/public/part-images/1791124873857_vxz9c0g.jpg","MC780C-2.jpg","0"
"99","MC780C-2",,,,,,"2026-10-04T14:40:31.56118+00:00","https://rkjnyexhnkiigvwnqvtx.supabase.co/storage/v1/object/public/part-images/1791124873857_vxz9c0g.jpg","319","https://rkjnyexhnkiigvwnqvtx.supabase.co/storage/v1/object/public/part-images/1791124874130_ezffzos.jpg","MC780C-2 (1).jpg","1"
"99","MC780C-2",,,,,,"2026-10-04T14:40:31.56118+00:00","https://rkjnyexhnkiigvwnqvtx.supabase.co/storage/v1/object/public/part-images/1791124873857_vxz9c0g.jpg","320","https://rkjnyexhnkiigvwnqvtx.supabase.co/storage/v1/object/public/part-images/1791124874376_es3kqgu.jpg","MC780C-2 (2).jpg","2"
"99","MC780C-2",,,,,,"2026-10-04T14:40:31.56118+00:00","https://rkjnyexhnkiigvwnqvtx.supabase.co/storage/v1/object/public/part-images/1791124873857_vxz9c0g.jpg","321","https://rkjnyexhnkiigvwnqvtx.supabase.co/storage/v1/object/public/part-images/1791124874502_ccylexv.jpg","MC780C-2 (3).jpg","3"
"99","MC780C-2",,,,,,"2026-10-04T14:40:31.56118+00:00","https://rkjnyexhnkiigvwnqvtx.supabase.co/storage/v1/object/public/part-images/1791124873857_vxz9c0g.jpg","322","https://rkjnyexhnkiigvwnqvtx.supabase.co/storage/v1/object/public/part-images/1791124874910_ohm8x4c.jpg","MC780C-2 (4).jpg","4"
"99","MC780C-2",,,,,,"2026-10-04T14:40:31.56118+00:00","https://rkjnyexhnkiigvwnqvtx.supabase.co/storage/v1/object/public/part-images/1791124873857_vxz9c0g.jpg","323","https://rkjnyexhnkiigvwnqvtx.supabase.co/storage/v1/object/public/part-images/1791124875068_c3fs18g.jpg","MC780C-2 (5).jpg","5"
"99","MC780C-2",,,,,,"2026-10-04T14:40:31.56118+00:00","https://rkjnyexhnkiigvwnqvtx.supabase.co/storage/v1/object/public/part-images/1791124873857_vxz9c0g.jpg","324","https://rkjnyexhnkiigvwnqvtx.supabase.co/storage/v1/object/public/part-images/1791124875217_tb1iix2.jpg","MC780C-2 (6).jpg","6"
"99","MC780C-2",,,,,,"2026-10-04T14:40:31.56118+00:00","https://rkjnyexhnkiigvwnqvtx.supabase.co/storage/v1/object/public/part-images/1791124873857_vxz9c0g.jpg","325","https://rkjnyexhnkiigvwnqvtx.supabase.co/storage/v1/object/public/part-images/1791124875515_51t4fpa.jpg","MC780C-2 (7).jpg","7"
"99","MC780C-2",,,,,,"2026-10-04T14:40:31.56118+00:00","https://rkjnyexhnkiigvwnqvtx.supabase.co/storage/v1/object/public/part-images/1791124873857_vxz9c0g.jpg","326","https://rkjnyexhnkiigvwnqvtx.supabase.co/storage/v1/object/public/part-images/1791124875711_lash3ad.jpg","MC780C-2 (8).jpg","8"
"99","MC780C-2",,,,,,"2026-10-04T14:40:31.56118+00:00","https://rkjnyexhnkiigvwnqvtx.supabase.co/storage/v1/object/public/part-images/1791124873857_vxz9c0g.jpg","327","https://rkjnyexhnkiigvwnqvtx.supabase.co/storage/v1/object/public/part-images/1791124875914_d2ku87t.jpg","MC780C-2 (9).jpg","9"
"99","MC780C-2",,,,,,"2026-10-04T14:40:31.56118+00:00","https://rkjnyexhnkiigvwnqvtx.supabase.co/storage/v1/object/public/part-images/1791124873857_vxz9c0g.jpg","328","https://rkjnyexhnkiigvwnqvtx.supabase.co/storage/v1/object/public/part-images/1791124876187_0uaalgr.jpg","MC780C-2 (10).jpg","10"
"99","MC780C-2",,,,,,"2026-10-04T14:40:31.56118+00:00","https://rkjnyexhnkiigvwnqvtx.supabase.co/storage/v1/object/public/part-images/1791124873857_vxz9c0g.jpg","329","https://rkjnyexhnkiigvwnqvtx.supabase.co/storage/v1/object/public/part-images/1791124876458_qz3kuno.jpg","MC780C-2 (11).jpg","11"
"99","MC780C-2",,,,,,"2026-10-04T14:40:31.56118+00:00","https://rkjnyexhnkiigvwnqvtx.supabase.co/storage/v1/object/public/part-images/1791124873857_vxz9c0g.jpg","330","https://rkjnyexhnkiigvwnqvtx.supabase.co/storage/v1/object/public/part-images/1791124876796_lcw2jbk.jpg","MC780C-2 (12).jpg","12"
"99","MC780C-2",,,,,,"2026-10-04T14:40:31.56118+00:00","https://rkjnyexhnkiigvwnqvtx.supabase.co/storage/v1/object/public/part-images/1791124873857_vxz9c0g.jpg","331","https://rkjnyexhnkiigvwnqvtx.supabase.co/storage/v1/object/public/part-images/1791124877009_ta9y3ws.jpg","MC780C-2 (13).jpg","13"
"99","MC780C-2",,,,,,"2026-10-04T14:40:31.56118+00:00","https://rkjnyexhnkiigvwnqvtx.supabase.co/storage/v1/object/public/part-images/1791124873857_vxz9c0g.jpg","332","https://rkjnyexhnkiigvwnqvtx.supabase.co/storage/v1/object/public/part-images/1791124877359_kp0f1ww.jpg","MC780C-2 (14).jpg","14"
"99","MC780C-2",,,,,,"2026-10-04T14:40:31.56118+00:00","https://rkjnyexhnkiigvwnqvtx.supabase.co/storage/v1/object/public/part-images/1791124873857_vxz9c0g.jpg","333","https://rkjnyexhnkiigvwnqvtx.supabase.co/storage/v1/object/public/part-images/1791124877546_o61op0s.jpg","MC780C-2 (15).jpg","15"
"100","MXP801-21",,,,,,"2026-10-04T14:40:31.56118+00:00","https://rkjnyexhnkiigvwnqvtx.supabase.co/storage/v1/object/public/part-images/1791124877743_tkr07iu.jpg","334","https://rkjnyexhnkiigvwnqvtx.supabase.co/storage/v1/object/public/part-images/1791124877743_tkr07iu.jpg","MXP801-21.jpg","0"
"100","MXP801-21",,,,,,"2026-10-04T14:40:31.56118+00:00","https://rkjnyexhnkiigvwnqvtx.supabase.co/storage/v1/object/public/part-images/1791124877743_tkr07iu.jpg","335","https://rkjnyexhnkiigvwnqvtx.supabase.co/storage/v1/object/public/part-images/1791124878308_zroyw7j.jpg","MXP801-21 (2).jpg","2"
"100","MXP801-21",,,,,,"2026-10-04T14:40:31.56118+00:00","https://rkjnyexhnkiigvwnqvtx.supabase.co/storage/v1/object/public/part-images/1791124877743_tkr07iu.jpg","336","https://rkjnyexhnkiigvwnqvtx.supabase.co/storage/v1/object/public/part-images/1791124878196_pac1ngy.jpg","MXP801-21 (1).jpg","1"
"100","MXP801-21",,,,,,"2026-10-04T14:40:31.56118+00:00","https://rkjnyexhnkiigvwnqvtx.supabase.co/storage/v1/object/public/part-images/1791124877743_tkr07iu.jpg","337","https://rkjnyexhnkiigvwnqvtx.supabase.co/storage/v1/object/public/part-images/1791124879924_d42x5vf.jpg","MXP801-21 (5).jpg","5"
"100","MXP801-21",,,,,,"2026-10-04T14:40:31.56118+00:00","https://rkjnyexhnkiigvwnqvtx.supabase.co/storage/v1/object/public/part-images/1791124877743_tkr07iu.jpg","338","https://rkjnyexhnkiigvwnqvtx.supabase.co/storage/v1/object/public/part-images/1791124881466_onb75y4.jpg","MXP801-21 (6).jpg","6"
"100","MXP801-21",,,,,,"2026-10-04T14:40:31.56118+00:00","https://rkjnyexhnkiigvwnqvtx.supabase.co/storage/v1/object/public/part-images/1791124877743_tkr07iu.jpg","339","https://rkjnyexhnkiigvwnqvtx.supabase.co/storage/v1/object/public/part-images/1791124882367_w8fyicc.jpg","MXP801-21 (7).jpg","7"
"100","MXP801-21",,,,,,"2026-10-04T14:40:31.56118+00:00","https://rkjnyexhnkiigvwnqvtx.supabase.co/storage/v1/object/public/part-images/1791124877743_tkr07iu.jpg","340","https://rkjnyexhnkiigvwnqvtx.supabase.co/storage/v1/object/public/part-images/1791124883300_4f8p1we.jpg","MXP801-21 (8).jpg","8"
"100","MXP801-21",,,,,,"2026-10-04T14:40:31.56118+00:00","https://rkjnyexhnkiigvwnqvtx.supabase.co/storage/v1/object/public/part-images/1791124877743_tkr07iu.jpg","341","https://rkjnyexhnkiigvwnqvtx.supabase.co/storage/v1/object/public/part-images/1791124883961_70qwnj6.jpg","MXP801-21 (9).jpg","9"
"100","MXP801-21",,,,,,"2026-10-04T14:40:31.56118+00:00","https://rkjnyexhnkiigvwnqvtx.supabase.co/storage/v1/object/public/part-images/1791124877743_tkr07iu.jpg","342","https://rkjnyexhnkiigvwnqvtx.supabase.co/storage/v1/object/public/part-images/1791124884620_iuxgtg6.jpg","MXP801-21 (10).jpg","10"
"100","MXP801-21",,,,,,"2026-10-04T14:40:31.56118+00:00","https://rkjnyexhnkiigvwnqvtx.supabase.co/storage/v1/object/public/part-images/1791124877743_tkr07iu.jpg","343","https://rkjnyexhnkiigvwnqvtx.supabase.co/storage/v1/object/public/part-images/1791124885599_aucmy5m.jpg","MXP801-21 (11).jpg","11"
"100","MXP801-21",,,,,,"2026-10-04T14:40:31.56118+00:00","https://rkjnyexhnkiigvwnqvtx.supabase.co/storage/v1/object/public/part-images/1791124877743_tkr07iu.jpg","344","https://rkjnyexhnkiigvwnqvtx.supabase.co/storage/v1/object/public/part-images/1791124886183_tscowh7.jpg","MXP801-21 (3).jpg","3"
"100","MXP801-21",,,,,,"2026-10-04T14:40:31.56118+00:00","https://rkjnyexhnkiigvwnqvtx.supabase.co/storage/v1/object/public/part-images/1791124877743_tkr07iu.jpg","345","https://rkjnyexhnkiigvwnqvtx.supabase.co/storage/v1/object/public/part-images/1791124886555_cg5zysj.jpg","MXP801-21 (4).jpg","4"
"100","MXP801-21",,,,,,"2026-10-04T14:40:31.56118+00:00","https://rkjnyexhnkiigvwnqvtx.supabase.co/storage/v1/object/public/part-images/1791124877743_tkr07iu.jpg","346","https://rkjnyexhnkiigvwnqvtx.supabase.co/storage/v1/object/public/part-images/1791124886577_32nyv71.jpg","MXP801-21 (12).jpg","12"
"100","MXP801-21",,,,,,"2026-10-04T14:40:31.56118+00:00","https://rkjnyexhnkiigvwnqvtx.supabase.co/storage/v1/object/public/part-images/1791124877743_tkr07iu.jpg","347","https://rkjnyexhnkiigvwnqvtx.supabase.co/storage/v1/object/public/part-images/1791124886976_2h3k9ll.jpg","MXP801-21 (13).jpg","13"
"100","MXP801-21",,,,,,"2026-10-04T14:40:31.56118+00:00","https://rkjnyexhnkiigvwnqvtx.supabase.co/storage/v1/object/public/part-images/1791124877743_tkr07iu.jpg","348","https://rkjnyexhnkiigvwnqvtx.supabase.co/storage/v1/object/public/part-images/1791124887192_gur6u4n.jpg","MXP801-21 (14).jpg","14"
"100","MXP801-21",,,,,,"2026-10-04T14:40:31.56118+00:00","https://rkjnyexhnkiigvwnqvtx.supabase.co/storage/v1/object/public/part-images/1791124877743_tkr07iu.jpg","349","https://rkjnyexhnkiigvwnqvtx.supabase.co/storage/v1/object/public/part-images/1791124887269_993kr61.jpg","MXP801-21 (15).jpg","15"
"100","MXP801-21",,,,,,"2026-10-04T14:40:31.56118+00:00","https://rkjnyexhnkiigvwnqvtx.supabase.co/storage/v1/object/public/part-images/1791124877743_tkr07iu.jpg","350","https://rkjnyexhnkiigvwnqvtx.supabase.co/storage/v1/object/public/part-images/1791124887931_5shcgto.jpg","MXP801-21 (16).jpg","16"
"100","MXP801-21",,,,,,"2026-10-04T14:40:31.56118+00:00","https://rkjnyexhnkiigvwnqvtx.supabase.co/storage/v1/object/public/part-images/1791124877743_tkr07iu.jpg","351","https://rkjnyexhnkiigvwnqvtx.supabase.co/storage/v1/object/public/part-images/1791124888204_49vvsy9.jpg","MXP801-21 (17).jpg","17"
"100","MXP801-21",,,,,,"2026-10-04T14:40:31.56118+00:00","https://rkjnyexhnkiigvwnqvtx.supabase.co/storage/v1/object/public/part-images/1791124877743_tkr07iu.jpg","352","https://rkjnyexhnkiigvwnqvtx.supabase.co/storage/v1/object/public/part-images/1791124888528_kps529s.jpg","MXP801-21 (18).jpg","18"
"100","MXP801-21",,,,,,"2026-10-04T14:40:31.56118+00:00","https://rkjnyexhnkiigvwnqvtx.supabase.co/storage/v1/object/public/part-images/1791124877743_tkr07iu.jpg","353","https://rkjnyexhnkiigvwnqvtx.supabase.co/storage/v1/object/public/part-images/1791124889360_ufsmr50.jpg","MXP801-21 (19).jpg","19"
"100","MXP801-21",,,,,,"2026-10-04T14:40:31.56118+00:00","https://rkjnyexhnkiigvwnqvtx.supabase.co/storage/v1/object/public/part-images/1791124877743_tkr07iu.jpg","354","https://rkjnyexhnkiigvwnqvtx.supabase.co/storage/v1/object/public/part-images/1791124889724_grib3kr.jpg","MXP801-21 (20).jpg","20"
"100","MXP801-21",,,,,,"2026-10-04T14:40:31.56118+00:00","https://rkjnyexhnkiigvwnqvtx.supabase.co/storage/v1/object/public/part-images/1791124877743_tkr07iu.jpg","355","https://rkjnyexhnkiigvwnqvtx.supabase.co/storage/v1/object/public/part-images/1791124889938_minepq3.jpg","MXP801-21 (21).jpg","21"
"100","MXP801-21",,,,,,"2026-10-04T14:40:31.56118+00:00","https://rkjnyexhnkiigvwnqvtx.supabase.co/storage/v1/object/public/part-images/1791124877743_tkr07iu.jpg","356","https://rkjnyexhnkiigvwnqvtx.supabase.co/storage/v1/object/public/part-images/1791124890397_8qzy5hr.jpg","MXP801-21 (22).jpg","22"
"100","MXP801-21",,,,,,"2026-10-04T14:40:31.56118+00:00","https://rkjnyexhnkiigvwnqvtx.supabase.co/storage/v1/object/public/part-images/1791124877743_tkr07iu.jpg","357","https://rkjnyexhnkiigvwnqvtx.supabase.co/storage/v1/object/public/part-images/1791124890976_b9k2igb.jpg","MXP801-21 (23).jpg","23"
"100","MXP801-21",,,,,,"2026-10-04T14:40:31.56118+00:00","https://rkjnyexhnkiigvwnqvtx.supabase.co/storage/v1/object/public/part-images/1791124877743_tkr07iu.jpg","358","https://rkjnyexhnkiigvwnqvtx.supabase.co/storage/v1/object/public/part-images/1791124891043_n68nuam.jpg","MXP801-21 (24).jpg","24"
"100","MXP801-21",,,,,,"2026-10-04T14:40:31.56118+00:00","https://rkjnyexhnkiigvwnqvtx.supabase.co/storage/v1/object/public/part-images/1791124877743_tkr07iu.jpg","359","https://rkjnyexhnkiigvwnqvtx.supabase.co/storage/v1/object/public/part-images/1791124891520_u20765l.jpg","MXP801-21 (25).jpg","25"
"100","MXP801-21",,,,,,"2026-10-04T14:40:31.56118+00:00","https://rkjnyexhnkiigvwnqvtx.supabase.co/storage/v1/object/public/part-images/1791124877743_tkr07iu.jpg","360","https://rkjnyexhnkiigvwnqvtx.supabase.co/storage/v1/object/public/part-images/1791124891675_6finabx.jpg","MXP801-21 (26).jpg","26"
"100","MXP801-21",,,,,,"2026-10-04T14:40:31.56118+00:00","https://rkjnyexhnkiigvwnqvtx.supabase.co/storage/v1/object/public/part-images/1791124877743_tkr07iu.jpg","361","https://rkjnyexhnkiigvwnqvtx.supabase.co/storage/v1/object/public/part-images/1791124891976_pn4q47b.jpg","MXP801-21 (27).jpg","27"
"100","MXP801-21",,,,,,"2026-10-04T14:40:31.56118+00:00","https://rkjnyexhnkiigvwnqvtx.supabase.co/storage/v1/object/public/part-images/1791124877743_tkr07iu.jpg","362","https://rkjnyexhnkiigvwnqvtx.supabase.co/storage/v1/object/public/part-images/1791124892154_bedwd5u.jpg","MXP801-21 (28).jpg","28"
"100","MXP801-21",,,,,,"2026-10-04T14:40:31.56118+00:00","https://rkjnyexhnkiigvwnqvtx.supabase.co/storage/v1/object/public/part-images/1791124877743_tkr07iu.jpg","363","https://rkjnyexhnkiigvwnqvtx.supabase.co/storage/v1/object/public/part-images/1791124892310_ctbhuiq.jpg","MXP801-21 (29).jpg","29"
"100","MXP801-21",,,,,,"2026-10-04T14:40:31.56118+00:00","https://rkjnyexhnkiigvwnqvtx.supabase.co/storage/v1/object/public/part-images/1791124877743_tkr07iu.jpg","364","https://rkjnyexhnkiigvwnqvtx.supabase.co/storage/v1/object/public/part-images/1791124892619_khsy69y.jpg","MXP801-21 (30).jpg","30"
"100","MXP801-21",,,,,,"2026-10-04T14:40:31.56118+00:00","https://rkjnyexhnkiigvwnqvtx.supabase.co/storage/v1/object/public/part-images/1791124877743_tkr07iu.jpg","365","https://rkjnyexhnkiigvwnqvtx.supabase.co/storage/v1/object/public/part-images/1791124892823_u1jaqj0.jpg","MXP801-21 (31).jpg","31"
"100","MXP801-21",,,,,,"2026-10-04T14:40:31.56118+00:00","https://rkjnyexhnkiigvwnqvtx.supabase.co/storage/v1/object/public/part-images/1791124877743_tkr07iu.jpg","366","https://rkjnyexhnkiigvwnqvtx.supabase.co/storage/v1/object/public/part-images/1791124892985_sgmarsu.jpg","MXP801-21 (32).jpg","32"
"100","MXP801-21",,,,,,"2026-10-04T14:40:31.56118+00:00","https://rkjnyexhnkiigvwnqvtx.supabase.co/storage/v1/object/public/part-images/1791124877743_tkr07iu.jpg","367","https://rkjnyexhnkiigvwnqvtx.supabase.co/storage/v1/object/public/part-images/1791124893278_txbwhur.jpg","MXP801-21 (33).jpg","33"
"100","MXP801-21",,,,,,"2026-10-04T14:40:31.56118+00:00","https://rkjnyexhnkiigvwnqvtx.supabase.co/storage/v1/object/public/part-images/1791124877743_tkr07iu.jpg","368","https://rkjnyexhnkiigvwnqvtx.supabase.co/storage/v1/object/public/part-images/1791124893548_4ex6fyz.jpg","MXP801-21 (34).jpg","34"
"100","MXP801-21",,,,,,"2026-10-04T14:40:31.56118+00:00","https://rkjnyexhnkiigvwnqvtx.supabase.co/storage/v1/object/public/part-images/1791124877743_tkr07iu.jpg","369","https://rkjnyexhnkiigvwnqvtx.supabase.co/storage/v1/object/public/part-images/1791124893723_4vcffgk.jpg","MXP801-21 (35).jpg","35"
"100","MXP801-21",,,,,,"2026-10-04T14:40:31.56118+00:00","https://rkjnyexhnkiigvwnqvtx.supabase.co/storage/v1/object/public/part-images/1791124877743_tkr07iu.jpg","370","https://rkjnyexhnkiigvwnqvtx.supabase.co/storage/v1/object/public/part-images/1791124893957_q988bzf.jpg","MXP801-21 (36).jpg","36"
"100","MXP801-21",,,,,,"2026-10-04T14:40:31.56118+00:00","https://rkjnyexhnkiigvwnqvtx.supabase.co/storage/v1/object/public/part-images/1791124877743_tkr07iu.jpg","371","https://rkjnyexhnkiigvwnqvtx.supabase.co/storage/v1/object/public/part-images/1791124894278_xtuhjpd.jpg","MXP801-21 (37).jpg","37"
"100","MXP801-21",,,,,,"2026-10-04T14:40:31.56118+00:00","https://rkjnyexhnkiigvwnqvtx.supabase.co/storage/v1/object/public/part-images/1791124877743_tkr07iu.jpg","372","https://rkjnyexhnkiigvwnqvtx.supabase.co/storage/v1/object/public/part-images/1791124894549_wwg3ou9.jpg","MXP801-21 (38).jpg","38"
"100","MXP801-21",,,,,,"2026-10-04T14:40:31.56118+00:00","https://rkjnyexhnkiigvwnqvtx.supabase.co/storage/v1/object/public/part-images/1791124877743_tkr07iu.jpg","373","https://rkjnyexhnkiigvwnqvtx.supabase.co/storage/v1/object/public/part-images/1791124894746_wih1mjv.jpg","MXP801-21 (39).jpg","39"
"100","MXP801-21",,,,,,"2026-10-04T14:40:31.56118+00:00","https://rkjnyexhnkiigvwnqvtx.supabase.co/storage/v1/object/public/part-images/1791124877743_tkr07iu.jpg","374","https://rkjnyexhnkiigvwnqvtx.supabase.co/storage/v1/object/public/part-images/1791124895029_8kov4sl.jpg","MXP801-21 (40).jpg","40"
"100","MXP801-21",,,,,,"2026-10-04T14:40:31.56118+00:00","https://rkjnyexhnkiigvwnqvtx.supabase.co/storage/v1/object/public/part-images/1791124877743_tkr07iu.jpg","375","https://rkjnyexhnkiigvwnqvtx.supabase.co/storage/v1/object/public/part-images/1791124895231_wduyqyd.jpg","MXP801-21 (41).jpg","41"
"100","MXP801-21",,,,,,"2026-10-04T14:40:31.56118+00:00","https://rkjnyexhnkiigvwnqvtx.supabase.co/storage/v1/object/public/part-images/1791124877743_tkr07iu.jpg","376","https://rkjnyexhnkiigvwnqvtx.supabase.co/storage/v1/object/public/part-images/1791124895516_3nh35hx.jpg","MXP801-21 (42).jpg","42"
"101","NAS1611-209",,,,,,"2026-10-04T14:40:31.56118+00:00","https://rkjnyexhnkiigvwnqvtx.supabase.co/storage/v1/object/public/part-images/1791124895742_mevxz01.jpg","377","https://rkjnyexhnkiigvwnqvtx.supabase.co/storage/v1/object/public/part-images/1791124895742_mevxz01.jpg","NAS1611-209.jpg","0"
"101","NAS1611-209",,,,,,"2026-10-04T14:40:31.56118+00:00","https://rkjnyexhnkiigvwnqvtx.supabase.co/storage/v1/object/public/part-images/1791124895742_mevxz01.jpg","378","https://rkjnyexhnkiigvwnqvtx.supabase.co/storage/v1/object/public/part-images/1791124895923_wog104n.jpg","NAS1611-209 (1).jpg","1"
"101","NAS1611-209",,,,,,"2026-10-04T14:40:31.56118+00:00","https://rkjnyexhnkiigvwnqvtx.supabase.co/storage/v1/object/public/part-images/1791124895742_mevxz01.jpg","379","https://rkjnyexhnkiigvwnqvtx.supabase.co/storage/v1/object/public/part-images/1791124896245_w9dalwp.jpg","NAS1611-209 (2).jpg","2"
"102","OTTO PRIMER 1217 - 250ML",,,,,,"2026-10-04T14:40:31.56118+00:00","https://rkjnyexhnkiigvwnqvtx.supabase.co/storage/v1/object/public/part-images/1791124896505_xqsug6y.jpg","380","https://rkjnyexhnkiigvwnqvtx.supabase.co/storage/v1/object/public/part-images/1791124896505_xqsug6y.jpg","OTTO PRIMER 1217 - 250ML.jpg","0"
"102","OTTO PRIMER 1217 - 250ML",,,,,,"2026-10-04T14:40:31.56118+00:00","https://rkjnyexhnkiigvwnqvtx.supabase.co/storage/v1/object/public/part-images/1791124896505_xqsug6y.jpg","381","https://rkjnyexhnkiigvwnqvtx.supabase.co/storage/v1/object/public/part-images/1791124896640_14iryht.jpg","OTTO PRIMER 1217 - 250ML (1).jpg","1"
"102","OTTO PRIMER 1217 - 250ML",,,,,,"2026-10-04T14:40:31.56118+00:00","https://rkjnyexhnkiigvwnqvtx.supabase.co/storage/v1/object/public/part-images/1791124896505_xqsug6y.jpg","382","https://rkjnyexhnkiigvwnqvtx.supabase.co/storage/v1/object/public/part-images/1791124896973_imkdy79.jpg","OTTO PRIMER 1217 - 250ML (2).jpg","2"
"102","OTTO PRIMER 1217 - 250ML",,,,,,"2026-10-04T14:40:31.56118+00:00","https://rkjnyexhnkiigvwnqvtx.supabase.co/storage/v1/object/public/part-images/1791124896505_xqsug6y.jpg","383","https://rkjnyexhnkiigvwnqvtx.supabase.co/storage/v1/object/public/part-images/1791124897211_vv1tv7u.jpg","OTTO PRIMER 1217 - 250ML (3).jpg","3"
"102","OTTO PRIMER 1217 - 250ML",,,,,,"2026-10-04T14:40:31.56118+00:00","https://rkjnyexhnkiigvwnqvtx.supabase.co/storage/v1/object/public/part-images/1791124896505_xqsug6y.jpg","384","https://rkjnyexhnkiigvwnqvtx.supabase.co/storage/v1/object/public/part-images/1791124897354_a4xxp9s.jpg","OTTO PRIMER 1217 - 250ML (4).jpg","4"
"102","OTTO PRIMER 1217 - 250ML",,,,,,"2026-10-04T14:40:31.56118+00:00","https://rkjnyexhnkiigvwnqvtx.supabase.co/storage/v1/object/public/part-images/1791124896505_xqsug6y.jpg","385","https://rkjnyexhnkiigvwnqvtx.supabase.co/storage/v1/object/public/part-images/1791124897633_g03xnvs.jpg","OTTO PRIMER 1217 - 250ML (5).jpg","5"
"102","OTTO PRIMER 1217 - 250ML",,,,,,"2026-10-04T14:40:31.56118+00:00","https://rkjnyexhnkiigvwnqvtx.supabase.co/storage/v1/object/public/part-images/1791124896505_xqsug6y.jpg","386","https://rkjnyexhnkiigvwnqvtx.supabase.co/storage/v1/object/public/part-images/1791124897830_xqmfmg5.jpg","OTTO PRIMER 1217 - 250ML (6).jpg","6"
"102","OTTO PRIMER 1217 - 250ML",,,,,,"2026-10-04T14:40:31.56118+00:00","https://rkjnyexhnkiigvwnqvtx.supabase.co/storage/v1/object/public/part-images/1791124896505_xqsug6y.jpg","387","https://rkjnyexhnkiigvwnqvtx.supabase.co/storage/v1/object/public/part-images/1791124898231_r3g1dkd.jpg","OTTO PRIMER 1217 - 250ML (7).jpg","7"
"103","P1100-3529",,,,,,"2026-10-04T14:40:31.56118+00:00","https://rkjnyexhnkiigvwnqvtx.supabase.co/storage/v1/object/public/part-images/1791124898295_fqzb202.jpg","388","https://rkjnyexhnkiigvwnqvtx.supabase.co/storage/v1/object/public/part-images/1791124898510_3vg017f.jpg","P1100-3529 (1).jpg","1"
"103","P1100-3529",,,,,,"2026-10-04T14:40:31.56118+00:00","https://rkjnyexhnkiigvwnqvtx.supabase.co/storage/v1/object/public/part-images/1791124898295_fqzb202.jpg","389","https://rkjnyexhnkiigvwnqvtx.supabase.co/storage/v1/object/public/part-images/1791124898295_fqzb202.jpg","P1100-3529.jpg","0"
"104","P1100-3530",,,,,,"2026-10-04T14:40:31.56118+00:00","https://rkjnyexhnkiigvwnqvtx.supabase.co/storage/v1/object/public/part-images/1791124899143_z1vhrnh.jpg","390","https://rkjnyexhnkiigvwnqvtx.supabase.co/storage/v1/object/public/part-images/1791124899143_z1vhrnh.jpg","P1100-3530.jpg","0"
"104","P1100-3530",,,,,,"2026-10-04T14:40:31.56118+00:00","https://rkjnyexhnkiigvwnqvtx.supabase.co/storage/v1/object/public/part-images/1791124899143_z1vhrnh.jpg","391","https://rkjnyexhnkiigvwnqvtx.supabase.co/storage/v1/object/public/part-images/1791124899307_rxmg5jc.jpg","P1100-3530 (1).jpg","1"
"105","PL88-900LH00",,,,,,"2026-10-04T14:40:31.56118+00:00","https://rkjnyexhnkiigvwnqvtx.supabase.co/storage/v1/object/public/part-images/1791124899514_1ven5nw.jpg","392","https://rkjnyexhnkiigvwnqvtx.supabase.co/storage/v1/object/public/part-images/1791124899514_1ven5nw.jpg","PL88-900LH00.jpg","0"
"105","PL88-900LH00",,,,,,"2026-10-04T14:40:31.56118+00:00","https://rkjnyexhnkiigvwnqvtx.supabase.co/storage/v1/object/public/part-images/1791124899514_1ven5nw.jpg","393","https://rkjnyexhnkiigvwnqvtx.supabase.co/storage/v1/object/public/part-images/1791124899859_8n2q70t.jpg","PL88-900LH00 (1).jpg","1"
"105","PL88-900LH00",,,,,,"2026-10-04T14:40:31.56118+00:00","https://rkjnyexhnkiigvwnqvtx.supabase.co/storage/v1/object/public/part-images/1791124899514_1ven5nw.jpg","394","https://rkjnyexhnkiigvwnqvtx.supabase.co/storage/v1/object/public/part-images/1791124900089_km9eeo0.jpg","PL88-900LH00 (2).jpg","2"
